id,type,amount,tourist_id,zone,timestamp
1,TICKET_SALE,25.0,1,Arrival Zone,2026-05-21T17:28:55.558330078
2,TICKET_SALE,25.0,2,Arrival Zone,2026-05-21T17:28:55.566471143
3,TICKET_SALE,25.0,3,Arrival Zone,2026-05-21T17:28:55.566764034
4,TICKET_SALE,25.0,4,Arrival Zone,2026-05-21T17:28:55.566837469
5,TICKET_SALE,25.0,5,Arrival Zone,2026-05-21T17:28:55.567082681
6,TICKET_SALE,25.0,6,Arrival Zone,2026-05-21T17:28:55.567755736
7,TICKET_SALE,25.0,7,Arrival Zone,2026-05-21T17:28:55.567852674
8,TICKET_SALE,25.0,8,Arrival Zone,2026-05-21T17:28:55.567899336
9,TICKET_SALE,25.0,9,Arrival Zone,2026-05-21T17:28:55.567939084
10,TICKET_SALE,25.0,10,Arrival Zone,2026-05-21T17:28:55.568016059
11,SOUVENIR_SALE,15.0,1,Central Hub,2026-05-21T17:28:55.568071747
12,SOUVENIR_SALE,15.0,2,Central Hub,2026-05-21T17:28:55.568135016
13,SOUVENIR_SALE,15.0,4,Central Hub,2026-05-21T17:28:55.568195007
14,SPA_SERVICE,20.0,4,Bathroom Zone,2026-05-21T17:28:55.568438051
15,SOUVENIR_SALE,15.0,5,Central Hub,2026-05-21T17:28:55.568496058
16,SOUVENIR_SALE,15.0,6,Central Hub,2026-05-21T17:28:55.568542992
17,SOUVENIR_SALE,15.0,8,Central Hub,2026-05-21T17:28:55.568609635
18,TICKET_SALE,25.0,11,Arrival Zone,2026-05-21T17:28:55.568690256
19,TICKET_SALE,25.0,12,Arrival Zone,2026-05-21T17:28:55.568754215
20,TICKET_SALE,25.0,13,Arrival Zone,2026-05-21T17:28:55.568893223
21,TICKET_SALE,25.0,14,Arrival Zone,2026-05-21T17:28:55.568962513
22,TICKET_SALE,25.0,15,Arrival Zone,2026-05-21T17:28:55.569048265
23,SOUVENIR_SALE,15.0,2,Central Hub,2026-05-21T17:28:55.569158951
24,SOUVENIR_SALE,15.0,4,Central Hub,2026-05-21T17:28:55.569206290
25,SOUVENIR_SALE,15.0,5,Central Hub,2026-05-21T17:28:55.569248259
26,SOUVENIR_SALE,15.0,11,Central Hub,2026-05-21T17:28:55.569333659
27,SOUVENIR_SALE,15.0,13,Central Hub,2026-05-21T17:28:55.569448527
28,SOUVENIR_SALE,15.0,15,Central Hub,2026-05-21T17:28:55.569527220
29,TICKET_SALE,25.0,16,Arrival Zone,2026-05-21T17:28:55.569609318
30,TICKET_SALE,25.0,17,Arrival Zone,2026-05-21T17:28:55.569670763
31,TICKET_SALE,25.0,18,Arrival Zone,2026-05-21T17:28:55.569709107
32,TICKET_SALE,25.0,19,Arrival Zone,2026-05-21T17:28:55.569745144
33,TICKET_SALE,25.0,20,Arrival Zone,2026-05-21T17:28:55.569821907
34,SOUVENIR_SALE,15.0,2,Central Hub,2026-05-21T17:28:55.569870890
35,SOUVENIR_SALE,15.0,4,Central Hub,2026-05-21T17:28:55.569927131
36,SOUVENIR_SALE,15.0,6,Central Hub,2026-05-21T17:28:55.569997536
37,SOUVENIR_SALE,15.0,8,Central Hub,2026-05-21T17:28:55.570077888
38,SOUVENIR_SALE,15.0,9,Central Hub,2026-05-21T17:28:55.570147823
39,SOUVENIR_SALE,15.0,16,Central Hub,2026-05-21T17:28:55.570229731
40,SOUVENIR_SALE,15.0,17,Central Hub,2026-05-21T17:28:55.570453866
41,SOUVENIR_SALE,15.0,18,Central Hub,2026-05-21T17:28:55.570525084
42,SOUVENIR_SALE,15.0,19,Central Hub,2026-05-21T17:28:55.570586431
43,TICKET_SALE,25.0,21,Arrival Zone,2026-05-21T17:28:55.570667200
44,TICKET_SALE,25.0,22,Arrival Zone,2026-05-21T17:28:55.570716660
45,TICKET_SALE,25.0,23,Arrival Zone,2026-05-21T17:28:55.570782779
46,TICKET_SALE,25.0,24,Arrival Zone,2026-05-21T17:28:55.570877976
47,TICKET_SALE,25.0,25,Arrival Zone,2026-05-21T17:28:55.570922110
48,SOUVENIR_SALE,15.0,1,Central Hub,2026-05-21T17:28:55.570971119
49,SPA_SERVICE,20.0,1,Bathroom Zone,2026-05-21T17:28:55.571057993
50,SPA_SERVICE,20.0,4,Bathroom Zone,2026-05-21T17:28:55.571134777
51,SOUVENIR_SALE,15.0,7,Central Hub,2026-05-21T17:28:55.571203951
52,SOUVENIR_SALE,15.0,10,Central Hub,2026-05-21T17:28:55.571315296
53,SOUVENIR_SALE,15.0,15,Central Hub,2026-05-21T17:28:55.571422401
54,SOUVENIR_SALE,15.0,17,Central Hub,2026-05-21T17:28:55.571486685
55,SOUVENIR_SALE,15.0,18,Central Hub,2026-05-21T17:28:55.571529035
56,TICKET_SALE,25.0,26,Arrival Zone,2026-05-21T17:28:55.571612426
57,TICKET_SALE,25.0,27,Arrival Zone,2026-05-21T17:28:55.571661338
58,TICKET_SALE,25.0,28,Arrival Zone,2026-05-21T17:28:55.571732355
59,TICKET_SALE,25.0,29,Arrival Zone,2026-05-21T17:28:55.571776933
60,TICKET_SALE,25.0,30,Arrival Zone,2026-05-21T17:28:55.571813716
61,SOUVENIR_SALE,15.0,1,Central Hub,2026-05-21T17:28:55.571875642
62,SOUVENIR_SALE,15.0,2,Central Hub,2026-05-21T17:28:55.571932379
63,SOUVENIR_SALE,15.0,3,Central Hub,2026-05-21T17:28:55.572028531
64,SOUVENIR_SALE,15.0,5,Central Hub,2026-05-21T17:28:55.572135991
65,SOUVENIR_SALE,15.0,7,Central Hub,2026-05-21T17:28:55.572208530
66,SOUVENIR_SALE,15.0,9,Central Hub,2026-05-21T17:28:55.572259906
67,SOUVENIR_SALE,15.0,10,Central Hub,2026-05-21T17:28:55.572299275
68,SOUVENIR_SALE,15.0,13,Central Hub,2026-05-21T17:28:55.572342978
69,SOUVENIR_SALE,15.0,16,Central Hub,2026-05-21T17:28:55.572387074
70,SOUVENIR_SALE,15.0,18,Central Hub,2026-05-21T17:28:55.572452996
71,SOUVENIR_SALE,15.0,22,Central Hub,2026-05-21T17:28:55.572542976
72,SOUVENIR_SALE,15.0,28,Central Hub,2026-05-21T17:28:55.572640543
73,SOUVENIR_SALE,15.0,29,Central Hub,2026-05-21T17:28:55.572712419
74,TICKET_SALE,25.0,31,Arrival Zone,2026-05-21T17:28:55.572786794
75,TICKET_SALE,25.0,32,Arrival Zone,2026-05-21T17:28:55.572830862
76,TICKET_SALE,25.0,33,Arrival Zone,2026-05-21T17:28:55.572882989
77,TICKET_SALE,25.0,34,Arrival Zone,2026-05-21T17:28:55.572967354
78,TICKET_SALE,25.0,35,Arrival Zone,2026-05-21T17:28:55.573004995
79,SOUVENIR_SALE,15.0,1,Central Hub,2026-05-21T17:28:55.573097606
80,SOUVENIR_SALE,15.0,6,Central Hub,2026-05-21T17:28:55.573146950
81,SOUVENIR_SALE,15.0,7,Central Hub,2026-05-21T17:28:55.573203184
82,SOUVENIR_SALE,15.0,10,Central Hub,2026-05-21T17:28:55.573262829
83,SOUVENIR_SALE,15.0,13,Central Hub,2026-05-21T17:28:55.573494549
84,SOUVENIR_SALE,15.0,16,Central Hub,2026-05-21T17:28:55.574092090
85,SOUVENIR_SALE,15.0,17,Central Hub,2026-05-21T17:28:55.574276190
86,SOUVENIR_SALE,15.0,18,Central Hub,2026-05-21T17:28:55.574501309
87,SOUVENIR_SALE,15.0,22,Central Hub,2026-05-21T17:28:55.574560633
88,SOUVENIR_SALE,15.0,28,Central Hub,2026-05-21T17:28:55.574616431
89,TICKET_SALE,25.0,36,Arrival Zone,2026-05-21T17:28:55.574817096
90,TICKET_SALE,25.0,37,Arrival Zone,2026-05-21T17:28:55.574887894
91,TICKET_SALE,25.0,38,Arrival Zone,2026-05-21T17:28:55.575079306
92,TICKET_SALE,25.0,39,Arrival Zone,2026-05-21T17:28:55.575539253
93,TICKET_SALE,25.0,40,Arrival Zone,2026-05-21T17:28:55.575822522
94,SOUVENIR_SALE,15.0,1,Central Hub,2026-05-21T17:28:55.576424802
95,SPA_SERVICE,20.0,2,Bathroom Zone,2026-05-21T17:28:55.576677949
96,SOUVENIR_SALE,15.0,3,Central Hub,2026-05-21T17:28:55.577075953
97,SOUVENIR_SALE,15.0,5,Central Hub,2026-05-21T17:28:55.577165991
98,SPA_SERVICE,20.0,9,Bathroom Zone,2026-05-21T17:28:55.577238014
99,SOUVENIR_SALE,15.0,16,Central Hub,2026-05-21T17:28:55.577295360
100,SOUVENIR_SALE,15.0,18,Central Hub,2026-05-21T17:28:55.577381751
101,SOUVENIR_SALE,15.0,20,Central Hub,2026-05-21T17:28:55.577516696
102,SOUVENIR_SALE,15.0,21,Central Hub,2026-05-21T17:28:55.577580558
103,SOUVENIR_SALE,15.0,22,Central Hub,2026-05-21T17:28:55.577636473
104,SOUVENIR_SALE,15.0,24,Central Hub,2026-05-21T17:28:55.577694442
105,SOUVENIR_SALE,15.0,27,Central Hub,2026-05-21T17:28:55.577737996
106,SOUVENIR_SALE,15.0,33,Central Hub,2026-05-21T17:28:55.577780769
107,SOUVENIR_SALE,15.0,35,Central Hub,2026-05-21T17:28:55.577862439
108,SOUVENIR_SALE,15.0,36,Central Hub,2026-05-21T17:28:55.577956355
109,SOUVENIR_SALE,15.0,39,Central Hub,2026-05-21T17:28:55.577997339
110,TICKET_SALE,25.0,41,Arrival Zone,2026-05-21T17:28:55.578396137
111,TICKET_SALE,25.0,42,Arrival Zone,2026-05-21T17:28:55.578578170
112,TICKET_SALE,25.0,43,Arrival Zone,2026-05-21T17:28:55.578648920
113,TICKET_SALE,25.0,44,Arrival Zone,2026-05-21T17:28:55.578933334
114,TICKET_SALE,25.0,45,Arrival Zone,2026-05-21T17:28:55.579141933
115,SOUVENIR_SALE,15.0,1,Central Hub,2026-05-21T17:28:55.579209397
116,SOUVENIR_SALE,15.0,2,Central Hub,2026-05-21T17:28:55.579286249
117,SOUVENIR_SALE,15.0,3,Central Hub,2026-05-21T17:28:55.579328298
118,SOUVENIR_SALE,15.0,7,Central Hub,2026-05-21T17:28:55.579370148
119,SOUVENIR_SALE,15.0,8,Central Hub,2026-05-21T17:28:55.579423255
120,SOUVENIR_SALE,15.0,15,Central Hub,2026-05-21T17:28:55.579514136
121,SOUVENIR_SALE,15.0,19,Central Hub,2026-05-21T17:28:55.579598833
122,SOUVENIR_SALE,15.0,24,Central Hub,2026-05-21T17:28:55.579663877
123,SOUVENIR_SALE,15.0,25,Central Hub,2026-05-21T17:28:55.580044753
124,SOUVENIR_SALE,15.0,31,Central Hub,2026-05-21T17:28:55.580469289
125,SOUVENIR_SALE,15.0,33,Central Hub,2026-05-21T17:28:55.580681747
126,SOUVENIR_SALE,15.0,35,Central Hub,2026-05-21T17:28:55.580968247
127,SOUVENIR_SALE,15.0,38,Central Hub,2026-05-21T17:28:55.581083886
128,SOUVENIR_SALE,15.0,39,Central Hub,2026-05-21T17:28:55.581162863
129,SOUVENIR_SALE,15.0,40,Central Hub,2026-05-21T17:28:55.581713544
130,SOUVENIR_SALE,15.0,42,Central Hub,2026-05-21T17:28:55.581996588
131,TICKET_SALE,25.0,46,Arrival Zone,2026-05-21T17:28:55.582684523
132,TICKET_SALE,25.0,47,Arrival Zone,2026-05-21T17:28:55.583059019
133,TICKET_SALE,25.0,48,Arrival Zone,2026-05-21T17:28:55.583130604
134,TICKET_SALE,25.0,49,Arrival Zone,2026-05-21T17:28:55.583173029
135,TICKET_SALE,25.0,50,Arrival Zone,2026-05-21T17:28:55.583226121
136,SOUVENIR_SALE,15.0,1,Central Hub,2026-05-21T17:28:55.583281480
137,SOUVENIR_SALE,15.0,3,Central Hub,2026-05-21T17:28:55.583322772
138,SOUVENIR_SALE,15.0,4,Central Hub,2026-05-21T17:28:55.583412629
139,SOUVENIR_SALE,15.0,5,Central Hub,2026-05-21T17:28:55.583456555
140,SOUVENIR_SALE,15.0,6,Central Hub,2026-05-21T17:28:55.583492639
141,SOUVENIR_SALE,15.0,10,Central Hub,2026-05-21T17:28:55.583542635
142,SOUVENIR_SALE,15.0,16,Central Hub,2026-05-21T17:28:55.583583375
143,SOUVENIR_SALE,15.0,17,Central Hub,2026-05-21T17:28:55.583628577
144,SOUVENIR_SALE,15.0,19,Central Hub,2026-05-21T17:28:55.583669122
145,SOUVENIR_SALE,15.0,30,Central Hub,2026-05-21T17:28:55.583733083
146,SOUVENIR_SALE,15.0,31,Central Hub,2026-05-21T17:28:55.583799907
147,SOUVENIR_SALE,15.0,34,Central Hub,2026-05-21T17:28:55.583878340
148,SOUVENIR_SALE,15.0,36,Central Hub,2026-05-21T17:28:55.583924684
149,SOUVENIR_SALE,15.0,37,Central Hub,2026-05-21T17:28:55.584163284
150,SOUVENIR_SALE,15.0,39,Central Hub,2026-05-21T17:28:55.584236980
151,SOUVENIR_SALE,15.0,40,Central Hub,2026-05-21T17:28:55.584371561
152,SOUVENIR_SALE,15.0,41,Central Hub,2026-05-21T17:28:55.584442463
153,SOUVENIR_SALE,15.0,48,Central Hub,2026-05-21T17:28:55.584564007
154,SOUVENIR_SALE,15.0,49,Central Hub,2026-05-21T17:28:55.584702113
155,SOUVENIR_SALE,15.0,2,Central Hub,2026-05-21T17:28:55.584808350
156,SOUVENIR_SALE,15.0,3,Central Hub,2026-05-21T17:28:55.584881008
157,SPA_SERVICE,20.0,3,Bathroom Zone,2026-05-21T17:28:55.584935400
158,SPA_SERVICE,20.0,4,Bathroom Zone,2026-05-21T17:28:55.584971722
159,SOUVENIR_SALE,15.0,6,Central Hub,2026-05-21T17:28:55.585003765
160,SOUVENIR_SALE,15.0,7,Central Hub,2026-05-21T17:28:55.585031876
161,SOUVENIR_SALE,15.0,8,Central Hub,2026-05-21T17:28:55.585063131
162,SOUVENIR_SALE,15.0,9,Central Hub,2026-05-21T17:28:55.585092345
163,SOUVENIR_SALE,15.0,15,Central Hub,2026-05-21T17:28:55.585125083
164,SOUVENIR_SALE,15.0,16,Central Hub,2026-05-21T17:28:55.585168716
165,SOUVENIR_SALE,15.0,23,Central Hub,2026-05-21T17:28:55.585213703
166,SOUVENIR_SALE,15.0,24,Central Hub,2026-05-21T17:28:55.585258574
167,SOUVENIR_SALE,15.0,25,Central Hub,2026-05-21T17:28:55.585315187
168,SOUVENIR_SALE,15.0,26,Central Hub,2026-05-21T17:28:55.585482991
169,SOUVENIR_SALE,15.0,28,Central Hub,2026-05-21T17:28:55.585538888
170,SOUVENIR_SALE,15.0,29,Central Hub,2026-05-21T17:28:55.585568663
171,SOUVENIR_SALE,15.0,31,Central Hub,2026-05-21T17:28:55.585594824
172,SOUVENIR_SALE,15.0,35,Central Hub,2026-05-21T17:28:55.585625884
173,SOUVENIR_SALE,15.0,36,Central Hub,2026-05-21T17:28:55.585677477
174,SOUVENIR_SALE,15.0,45,Central Hub,2026-05-21T17:28:55.585772402
175,SOUVENIR_SALE,15.0,46,Central Hub,2026-05-21T17:28:55.585810337
176,SOUVENIR_SALE,15.0,49,Central Hub,2026-05-21T17:28:55.585868792
177,SOUVENIR_SALE,15.0,2,Central Hub,2026-05-21T17:28:55.585925775
178,SOUVENIR_SALE,15.0,4,Central Hub,2026-05-21T17:28:55.585958203
179,SOUVENIR_SALE,15.0,8,Central Hub,2026-05-21T17:28:55.586009973
180,SOUVENIR_SALE,15.0,11,Central Hub,2026-05-21T17:28:55.586047786
181,SOUVENIR_SALE,15.0,13,Central Hub,2026-05-21T17:28:55.586096554
182,SOUVENIR_SALE,15.0,15,Central Hub,2026-05-21T17:28:55.586134148
183,SOUVENIR_SALE,15.0,19,Central Hub,2026-05-21T17:28:55.586162668
184,SOUVENIR_SALE,15.0,28,Central Hub,2026-05-21T17:28:55.586195190
185,SOUVENIR_SALE,15.0,33,Central Hub,2026-05-21T17:28:55.586238306
186,SOUVENIR_SALE,15.0,39,Central Hub,2026-05-21T17:28:55.586267605
187,SOUVENIR_SALE,15.0,41,Central Hub,2026-05-21T17:28:55.586293300
188,SOUVENIR_SALE,15.0,44,Central Hub,2026-05-21T17:28:55.586319420
189,SOUVENIR_SALE,15.0,45,Central Hub,2026-05-21T17:28:55.586413758
190,SOUVENIR_SALE,15.0,47,Central Hub,2026-05-21T17:28:55.586503182
191,SOUVENIR_SALE,15.0,1,Central Hub,2026-05-21T17:28:55.586585672
192,SOUVENIR_SALE,15.0,4,Central Hub,2026-05-21T17:28:55.586625844
193,SOUVENIR_SALE,15.0,6,Central Hub,2026-05-21T17:28:55.586657431
194,SOUVENIR_SALE,15.0,9,Central Hub,2026-05-21T17:28:55.586685871
195,SOUVENIR_SALE,15.0,11,Central Hub,2026-05-21T17:28:55.586712905
196,SOUVENIR_SALE,15.0,13,Central Hub,2026-05-21T17:28:55.586737032
197,SOUVENIR_SALE,15.0,14,Central Hub,2026-05-21T17:28:55.587114787
198,SOUVENIR_SALE,15.0,16,Central Hub,2026-05-21T17:28:55.587292213
199,SOUVENIR_SALE,15.0,21,Central Hub,2026-05-21T17:28:55.587395819
200,SOUVENIR_SALE,15.0,23,Central Hub,2026-05-21T17:28:55.587481377
201,SOUVENIR_SALE,15.0,29,Central Hub,2026-05-21T17:28:55.587535032
202,SOUVENIR_SALE,15.0,30,Central Hub,2026-05-21T17:28:55.587596284
203,SOUVENIR_SALE,15.0,36,Central Hub,2026-05-21T17:28:55.587676774
204,SOUVENIR_SALE,15.0,37,Central Hub,2026-05-21T17:28:55.587801933
205,SOUVENIR_SALE,15.0,41,Central Hub,2026-05-21T17:28:55.587981057
206,SOUVENIR_SALE,15.0,42,Central Hub,2026-05-21T17:28:55.588055373
207,SOUVENIR_SALE,15.0,48,Central Hub,2026-05-21T17:28:55.588095783
208,SOUVENIR_SALE,15.0,2,Central Hub,2026-05-21T17:28:55.592966622
209,SPA_SERVICE,20.0,4,Bathroom Zone,2026-05-21T17:28:55.593020766
210,SOUVENIR_SALE,15.0,7,Central Hub,2026-05-21T17:28:55.593054290
211,SOUVENIR_SALE,15.0,8,Central Hub,2026-05-21T17:28:55.593084679
212,SOUVENIR_SALE,15.0,9,Central Hub,2026-05-21T17:28:55.593110110
213,SOUVENIR_SALE,15.0,12,Central Hub,2026-05-21T17:28:55.593141885
214,SOUVENIR_SALE,15.0,15,Central Hub,2026-05-21T17:28:55.593167833
215,SOUVENIR_SALE,15.0,19,Central Hub,2026-05-21T17:28:55.593199081
216,SOUVENIR_SALE,15.0,20,Central Hub,2026-05-21T17:28:55.593226588
217,SOUVENIR_SALE,15.0,21,Central Hub,2026-05-21T17:28:55.593249367
218,SOUVENIR_SALE,15.0,23,Central Hub,2026-05-21T17:28:55.593272477
219,SOUVENIR_SALE,15.0,25,Central Hub,2026-05-21T17:28:55.593552120
220,SOUVENIR_SALE,15.0,26,Central Hub,2026-05-21T17:28:55.593738
221,SOUVENIR_SALE,15.0,29,Central Hub,2026-05-21T17:28:55.593785294
222,SOUVENIR_SALE,15.0,35,Central Hub,2026-05-21T17:28:55.593810915
223,SOUVENIR_SALE,15.0,37,Central Hub,2026-05-21T17:28:55.593842311
224,SOUVENIR_SALE,15.0,38,Central Hub,2026-05-21T17:28:55.593863056
225,SOUVENIR_SALE,15.0,45,Central Hub,2026-05-21T17:28:55.593885814
226,SOUVENIR_SALE,15.0,48,Central Hub,2026-05-21T17:28:55.593908569
227,SOUVENIR_SALE,15.0,1,Central Hub,2026-05-21T17:28:55.593948977
228,SOUVENIR_SALE,15.0,2,Central Hub,2026-05-21T17:28:55.593976049
229,SOUVENIR_SALE,15.0,4,Central Hub,2026-05-21T17:28:55.594002491
230,SOUVENIR_SALE,15.0,5,Central Hub,2026-05-21T17:28:55.594051843
231,SOUVENIR_SALE,15.0,7,Central Hub,2026-05-21T17:28:55.594091879
232,SOUVENIR_SALE,15.0,9,Central Hub,2026-05-21T17:28:55.594127255
233,SOUVENIR_SALE,15.0,13,Central Hub,2026-05-21T17:28:55.594152902
234,SOUVENIR_SALE,15.0,15,Central Hub,2026-05-21T17:28:55.594177719
235,SOUVENIR_SALE,15.0,17,Central Hub,2026-05-21T17:28:55.594203934
236,SOUVENIR_SALE,15.0,20,Central Hub,2026-05-21T17:28:55.594426003
237,SOUVENIR_SALE,15.0,21,Central Hub,2026-05-21T17:28:55.594504283
238,SOUVENIR_SALE,15.0,22,Central Hub,2026-05-21T17:28:55.594531927
239,SOUVENIR_SALE,15.0,24,Central Hub,2026-05-21T17:28:55.594574893
240,SOUVENIR_SALE,15.0,26,Central Hub,2026-05-21T17:28:55.594599923
241,SOUVENIR_SALE,15.0,30,Central Hub,2026-05-21T17:28:55.594633543
242,SOUVENIR_SALE,15.0,32,Central Hub,2026-05-21T17:28:55.594657398
243,SOUVENIR_SALE,15.0,36,Central Hub,2026-05-21T17:28:55.594690296
244,SOUVENIR_SALE,15.0,37,Central Hub,2026-05-21T17:28:55.594715965
245,SOUVENIR_SALE,15.0,38,Central Hub,2026-05-21T17:28:55.594758211
246,SOUVENIR_SALE,15.0,41,Central Hub,2026-05-21T17:28:55.594785499
247,SOUVENIR_SALE,15.0,43,Central Hub,2026-05-21T17:28:55.594811493
248,SOUVENIR_SALE,15.0,45,Central Hub,2026-05-21T17:28:55.594836549
249,SOUVENIR_SALE,15.0,46,Central Hub,2026-05-21T17:28:55.594864282
250,SOUVENIR_SALE,15.0,47,Central Hub,2026-05-21T17:28:55.594887153
251,SOUVENIR_SALE,15.0,50,Central Hub,2026-05-21T17:28:55.595490514
252,SOUVENIR_SALE,15.0,3,Central Hub,2026-05-21T17:28:55.595899568
253,SOUVENIR_SALE,15.0,6,Central Hub,2026-05-21T17:28:55.596284880
254,SOUVENIR_SALE,15.0,8,Central Hub,2026-05-21T17:28:55.596396445
255,SOUVENIR_SALE,15.0,12,Central Hub,2026-05-21T17:28:55.596452707
256,SOUVENIR_SALE,15.0,16,Central Hub,2026-05-21T17:28:55.596510920
257,SOUVENIR_SALE,15.0,17,Central Hub,2026-05-21T17:28:55.597088030
258,SOUVENIR_SALE,15.0,20,Central Hub,2026-05-21T17:28:55.597335434
259,SOUVENIR_SALE,15.0,27,Central Hub,2026-05-21T17:28:55.597502931
260,SOUVENIR_SALE,15.0,29,Central Hub,2026-05-21T17:28:55.597834634
261,SOUVENIR_SALE,15.0,30,Central Hub,2026-05-21T17:28:55.598056223
262,SOUVENIR_SALE,15.0,32,Central Hub,2026-05-21T17:28:55.598090476
263,SOUVENIR_SALE,15.0,34,Central Hub,2026-05-21T17:28:55.598172102
264,SOUVENIR_SALE,15.0,35,Central Hub,2026-05-21T17:28:55.598197795
265,SOUVENIR_SALE,15.0,36,Central Hub,2026-05-21T17:28:55.598218038
266,SOUVENIR_SALE,15.0,38,Central Hub,2026-05-21T17:28:55.598321494
267,SOUVENIR_SALE,15.0,40,Central Hub,2026-05-21T17:28:55.598354089
268,SOUVENIR_SALE,15.0,43,Central Hub,2026-05-21T17:28:55.598379569
269,SOUVENIR_SALE,15.0,50,Central Hub,2026-05-21T17:28:55.598402233
270,SPA_SERVICE,20.0,3,Bathroom Zone,2026-05-21T17:28:55.598461150
271,SPA_SERVICE,20.0,4,Bathroom Zone,2026-05-21T17:28:55.598491012
272,SOUVENIR_SALE,15.0,5,Central Hub,2026-05-21T17:28:55.598524619
273,SOUVENIR_SALE,15.0,8,Central Hub,2026-05-21T17:28:55.598550975
274,SPA_SERVICE,20.0,9,Bathroom Zone,2026-05-21T17:28:55.598572054
275,SOUVENIR_SALE,15.0,10,Central Hub,2026-05-21T17:28:55.598592261
276,SOUVENIR_SALE,15.0,11,Central Hub,2026-05-21T17:28:55.598615005
277,SOUVENIR_SALE,15.0,12,Central Hub,2026-05-21T17:28:55.598633515
278,SOUVENIR_SALE,15.0,13,Central Hub,2026-05-21T17:28:55.598653534
279,SOUVENIR_SALE,15.0,16,Central Hub,2026-05-21T17:28:55.598678493
280,SOUVENIR_SALE,15.0,22,Central Hub,2026-05-21T17:28:55.598698807
281,SOUVENIR_SALE,15.0,24,Central Hub,2026-05-21T17:28:55.598718056
282,SOUVENIR_SALE,15.0,27,Central Hub,2026-05-21T17:28:55.598739551
283,SOUVENIR_SALE,15.0,31,Central Hub,2026-05-21T17:28:55.598760594
284,SOUVENIR_SALE,15.0,34,Central Hub,2026-05-21T17:28:55.598778788
285,SOUVENIR_SALE,15.0,39,Central Hub,2026-05-21T17:28:55.598800447
286,SOUVENIR_SALE,15.0,40,Central Hub,2026-05-21T17:28:55.598816147
287,SOUVENIR_SALE,15.0,2,Central Hub,2026-05-21T17:28:55.598860286
288,SOUVENIR_SALE,15.0,7,Central Hub,2026-05-21T17:28:55.598889125
289,SOUVENIR_SALE,15.0,12,Central Hub,2026-05-21T17:28:55.598907966
290,SOUVENIR_SALE,15.0,21,Central Hub,2026-05-21T17:28:55.598929041
291,SOUVENIR_SALE,15.0,22,Central Hub,2026-05-21T17:28:55.598945709
292,SOUVENIR_SALE,15.0,23,Central Hub,2026-05-21T17:28:55.598962869
293,SOUVENIR_SALE,15.0,24,Central Hub,2026-05-21T17:28:55.598980865
294,SOUVENIR_SALE,15.0,27,Central Hub,2026-05-21T17:28:55.598997650
295,SOUVENIR_SALE,15.0,29,Central Hub,2026-05-21T17:28:55.599017194
296,SOUVENIR_SALE,15.0,34,Central Hub,2026-05-21T17:28:55.599037136
297,SOUVENIR_SALE,15.0,35,Central Hub,2026-05-21T17:28:55.599054342
298,SOUVENIR_SALE,15.0,36,Central Hub,2026-05-21T17:28:55.599071305
299,SOUVENIR_SALE,15.0,39,Central Hub,2026-05-21T17:28:55.599090202
300,SOUVENIR_SALE,15.0,42,Central Hub,2026-05-21T17:28:55.599109852
301,SOUVENIR_SALE,15.0,43,Central Hub,2026-05-21T17:28:55.599124718
302,SOUVENIR_SALE,15.0,44,Central Hub,2026-05-21T17:28:55.599138968
303,SOUVENIR_SALE,15.0,46,Central Hub,2026-05-21T17:28:55.599155586
304,SOUVENIR_SALE,15.0,47,Central Hub,2026-05-21T17:28:55.599172627
305,SOUVENIR_SALE,15.0,49,Central Hub,2026-05-21T17:28:55.599188369
306,SOUVENIR_SALE,15.0,1,Central Hub,2026-05-21T17:28:55.599230741
307,SOUVENIR_SALE,15.0,5,Central Hub,2026-05-21T17:28:55.599254894
308,SOUVENIR_SALE,15.0,6,Central Hub,2026-05-21T17:28:55.599278990
309,SOUVENIR_SALE,15.0,11,Central Hub,2026-05-21T17:28:55.599296842
310,SOUVENIR_SALE,15.0,12,Central Hub,2026-05-21T17:28:55.599313260
311,SOUVENIR_SALE,15.0,13,Central Hub,2026-05-21T17:28:55.599331259
312,SOUVENIR_SALE,15.0,15,Central Hub,2026-05-21T17:28:55.599355826
313,SOUVENIR_SALE,15.0,17,Central Hub,2026-05-21T17:28:55.599376129
314,SOUVENIR_SALE,15.0,24,Central Hub,2026-05-21T17:28:55.599397076
315,SOUVENIR_SALE,15.0,27,Central Hub,2026-05-21T17:28:55.599412481
316,SOUVENIR_SALE,15.0,29,Central Hub,2026-05-21T17:28:55.599428727
317,SOUVENIR_SALE,15.0,30,Central Hub,2026-05-21T17:28:55.599446223
318,SOUVENIR_SALE,15.0,31,Central Hub,2026-05-21T17:28:55.599465225
319,SOUVENIR_SALE,15.0,32,Central Hub,2026-05-21T17:28:55.599480905
320,SOUVENIR_SALE,15.0,34,Central Hub,2026-05-21T17:28:55.599499088
321,SOUVENIR_SALE,15.0,35,Central Hub,2026-05-21T17:28:55.599514904
322,SOUVENIR_SALE,15.0,38,Central Hub,2026-05-21T17:28:55.599532348
323,SOUVENIR_SALE,15.0,40,Central Hub,2026-05-21T17:28:55.599558081
324,SOUVENIR_SALE,15.0,50,Central Hub,2026-05-21T17:28:55.599578953
325,SOUVENIR_SALE,15.0,1,Central Hub,2026-05-21T17:28:55.599608467
326,SOUVENIR_SALE,15.0,2,Central Hub,2026-05-21T17:28:55.599637435
327,SOUVENIR_SALE,15.0,3,Central Hub,2026-05-21T17:28:55.599659633
328,SOUVENIR_SALE,15.0,4,Central Hub,2026-05-21T17:28:55.599676064
329,SPA_SERVICE,20.0,5,Bathroom Zone,2026-05-21T17:28:55.599694225
330,SOUVENIR_SALE,15.0,8,Central Hub,2026-05-21T17:28:55.599715149
331,SOUVENIR_SALE,15.0,9,Central Hub,2026-05-21T17:28:55.599737199
332,SOUVENIR_SALE,15.0,10,Central Hub,2026-05-21T17:28:55.599783518
333,SOUVENIR_SALE,15.0,11,Central Hub,2026-05-21T17:28:55.599809121
334,SOUVENIR_SALE,15.0,12,Central Hub,2026-05-21T17:28:55.599833809
335,SOUVENIR_SALE,15.0,17,Central Hub,2026-05-21T17:28:55.599861135
336,SOUVENIR_SALE,15.0,18,Central Hub,2026-05-21T17:28:55.599879332
337,SOUVENIR_SALE,15.0,19,Central Hub,2026-05-21T17:28:55.599905944
338,SOUVENIR_SALE,15.0,21,Central Hub,2026-05-21T17:28:55.599923689
339,SOUVENIR_SALE,15.0,22,Central Hub,2026-05-21T17:28:55.599939531
340,SOUVENIR_SALE,15.0,23,Central Hub,2026-05-21T17:28:55.599999406
341,SOUVENIR_SALE,15.0,24,Central Hub,2026-05-21T17:28:55.600029880
342,SOUVENIR_SALE,15.0,26,Central Hub,2026-05-21T17:28:55.600053495
343,SOUVENIR_SALE,15.0,28,Central Hub,2026-05-21T17:28:55.600070373
344,SOUVENIR_SALE,15.0,32,Central Hub,2026-05-21T17:28:55.600088090
345,SOUVENIR_SALE,15.0,36,Central Hub,2026-05-21T17:28:55.600109230
346,SOUVENIR_SALE,15.0,37,Central Hub,2026-05-21T17:28:55.600124836
347,SOUVENIR_SALE,15.0,41,Central Hub,2026-05-21T17:28:55.600140489
348,SOUVENIR_SALE,15.0,46,Central Hub,2026-05-21T17:28:55.600158999
349,SOUVENIR_SALE,15.0,47,Central Hub,2026-05-21T17:28:55.600176475
350,SOUVENIR_SALE,15.0,4,Central Hub,2026-05-21T17:28:55.600204936
351,SOUVENIR_SALE,15.0,6,Central Hub,2026-05-21T17:28:55.600227331
352,SOUVENIR_SALE,15.0,7,Central Hub,2026-05-21T17:28:55.600244872
353,SOUVENIR_SALE,15.0,8,Central Hub,2026-05-21T17:28:55.600261921
354,SOUVENIR_SALE,15.0,9,Central Hub,2026-05-21T17:28:55.600278866
355,SOUVENIR_SALE,15.0,11,Central Hub,2026-05-21T17:28:55.600296652
356,SOUVENIR_SALE,15.0,15,Central Hub,2026-05-21T17:28:55.600311652
357,SOUVENIR_SALE,15.0,18,Central Hub,2026-05-21T17:28:55.600329156
358,SOUVENIR_SALE,15.0,19,Central Hub,2026-05-21T17:28:55.600344303
359,SOUVENIR_SALE,15.0,22,Central Hub,2026-05-21T17:28:55.600363071
360,SOUVENIR_SALE,15.0,23,Central Hub,2026-05-21T17:28:55.600377980
361,SOUVENIR_SALE,15.0,26,Central Hub,2026-05-21T17:28:55.600393353
362,SOUVENIR_SALE,15.0,28,Central Hub,2026-05-21T17:28:55.600409032
363,SOUVENIR_SALE,15.0,30,Central Hub,2026-05-21T17:28:55.600426171
364,SOUVENIR_SALE,15.0,34,Central Hub,2026-05-21T17:28:55.600443988
365,SOUVENIR_SALE,15.0,35,Central Hub,2026-05-21T17:28:55.600458442
366,SOUVENIR_SALE,15.0,37,Central Hub,2026-05-21T17:28:55.600480071
367,SOUVENIR_SALE,15.0,41,Central Hub,2026-05-21T17:28:55.600502179
368,SOUVENIR_SALE,15.0,42,Central Hub,2026-05-21T17:28:55.601019827
369,SOUVENIR_SALE,15.0,45,Central Hub,2026-05-21T17:28:55.601621083
370,SOUVENIR_SALE,15.0,47,Central Hub,2026-05-21T17:28:55.601944857
371,SOUVENIR_SALE,15.0,48,Central Hub,2026-05-21T17:28:55.602134563
372,SOUVENIR_SALE,15.0,49,Central Hub,2026-05-21T17:28:55.602351346
373,SOUVENIR_SALE,15.0,50,Central Hub,2026-05-21T17:28:55.602439532
374,SOUVENIR_SALE,15.0,1,Central Hub,2026-05-21T17:28:55.602492603
375,SOUVENIR_SALE,15.0,4,Central Hub,2026-05-21T17:28:55.602523005
376,SOUVENIR_SALE,15.0,12,Central Hub,2026-05-21T17:28:55.602553740
377,SOUVENIR_SALE,15.0,14,Central Hub,2026-05-21T17:28:55.602579336
378,SOUVENIR_SALE,15.0,15,Central Hub,2026-05-21T17:28:55.602600006
379,SOUVENIR_SALE,15.0,17,Central Hub,2026-05-21T17:28:55.602620664
380,SOUVENIR_SALE,15.0,18,Central Hub,2026-05-21T17:28:55.602635889
381,SOUVENIR_SALE,15.0,19,Central Hub,2026-05-21T17:28:55.602653382
382,SOUVENIR_SALE,15.0,20,Central Hub,2026-05-21T17:28:55.602673431
383,SOUVENIR_SALE,15.0,24,Central Hub,2026-05-21T17:28:55.602695803
384,SOUVENIR_SALE,15.0,28,Central Hub,2026-05-21T17:28:55.602718584
385,SOUVENIR_SALE,15.0,30,Central Hub,2026-05-21T17:28:55.602736776
386,SOUVENIR_SALE,15.0,33,Central Hub,2026-05-21T17:28:55.602751042
387,SOUVENIR_SALE,15.0,35,Central Hub,2026-05-21T17:28:55.602765497
388,SOUVENIR_SALE,15.0,36,Central Hub,2026-05-21T17:28:55.602781604
389,SOUVENIR_SALE,15.0,37,Central Hub,2026-05-21T17:28:55.602797103
390,SOUVENIR_SALE,15.0,38,Central Hub,2026-05-21T17:28:55.602809697
391,SOUVENIR_SALE,15.0,40,Central Hub,2026-05-21T17:28:55.602821336
392,SOUVENIR_SALE,15.0,47,Central Hub,2026-05-21T17:28:55.602837092
393,SOUVENIR_SALE,15.0,48,Central Hub,2026-05-21T17:28:55.602850844
394,SOUVENIR_SALE,15.0,49,Central Hub,2026-05-21T17:28:55.602865623
395,SOUVENIR_SALE,15.0,1,Central Hub,2026-05-21T17:28:55.602891560
396,SOUVENIR_SALE,15.0,3,Central Hub,2026-05-21T17:28:55.602911256
397,SOUVENIR_SALE,15.0,5,Central Hub,2026-05-21T17:28:55.602928446
398,SOUVENIR_SALE,15.0,14,Central Hub,2026-05-21T17:28:55.602949354
399,SOUVENIR_SALE,15.0,17,Central Hub,2026-05-21T17:28:55.602966312
400,SOUVENIR_SALE,15.0,20,Central Hub,2026-05-21T17:28:55.602981131
401,SOUVENIR_SALE,15.0,24,Central Hub,2026-05-21T17:28:55.602999009
402,SOUVENIR_SALE,15.0,26,Central Hub,2026-05-21T17:28:55.603012388
403,SOUVENIR_SALE,15.0,27,Central Hub,2026-05-21T17:28:55.603035093
404,SOUVENIR_SALE,15.0,28,Central Hub,2026-05-21T17:28:55.603052504
405,SOUVENIR_SALE,15.0,29,Central Hub,2026-05-21T17:28:55.603066094
406,SOUVENIR_SALE,15.0,31,Central Hub,2026-05-21T17:28:55.603079742
407,SOUVENIR_SALE,15.0,35,Central Hub,2026-05-21T17:28:55.603094322
408,SOUVENIR_SALE,15.0,36,Central Hub,2026-05-21T17:28:55.603110146
409,SOUVENIR_SALE,15.0,38,Central Hub,2026-05-21T17:28:55.603122171
410,SOUVENIR_SALE,15.0,39,Central Hub,2026-05-21T17:28:55.603376377
411,SOUVENIR_SALE,15.0,44,Central Hub,2026-05-21T17:28:55.603673519
412,SOUVENIR_SALE,15.0,50,Central Hub,2026-05-21T17:28:55.603737314
413,SOUVENIR_SALE,15.0,9,Central Hub,2026-05-21T17:28:55.603793570
414,SOUVENIR_SALE,15.0,11,Central Hub,2026-05-21T17:28:55.603853261
415,SOUVENIR_SALE,15.0,16,Central Hub,2026-05-21T17:28:55.603878414
416,SOUVENIR_SALE,15.0,23,Central Hub,2026-05-21T17:28:55.603898265
417,SOUVENIR_SALE,15.0,27,Central Hub,2026-05-21T17:28:55.603914397
418,SOUVENIR_SALE,15.0,29,Central Hub,2026-05-21T17:28:55.603931120
419,SOUVENIR_SALE,15.0,31,Central Hub,2026-05-21T17:28:55.603994280
420,SOUVENIR_SALE,15.0,33,Central Hub,2026-05-21T17:28:55.604013813
421,SOUVENIR_SALE,15.0,39,Central Hub,2026-05-21T17:28:55.604031148
422,SOUVENIR_SALE,15.0,40,Central Hub,2026-05-21T17:28:55.604061295
423,SOUVENIR_SALE,15.0,47,Central Hub,2026-05-21T17:28:55.604092374
424,SOUVENIR_SALE,15.0,50,Central Hub,2026-05-21T17:28:55.604110363
425,SOUVENIR_SALE,15.0,2,Central Hub,2026-05-21T17:28:55.604142663
426,SOUVENIR_SALE,15.0,4,Central Hub,2026-05-21T17:28:55.604159831
427,SOUVENIR_SALE,15.0,7,Central Hub,2026-05-21T17:28:55.604200252
428,SOUVENIR_SALE,15.0,9,Central Hub,2026-05-21T17:28:55.604225540
429,SOUVENIR_SALE,15.0,11,Central Hub,2026-05-21T17:28:55.604247394
430,SOUVENIR_SALE,15.0,12,Central Hub,2026-05-21T17:28:55.604262796
431,SOUVENIR_SALE,15.0,15,Central Hub,2026-05-21T17:28:55.604276856
432,SOUVENIR_SALE,15.0,18,Central Hub,2026-05-21T17:28:55.604290138
433,SOUVENIR_SALE,15.0,19,Central Hub,2026-05-21T17:28:55.604305193
434,SOUVENIR_SALE,15.0,21,Central Hub,2026-05-21T17:28:55.604320466
435,SOUVENIR_SALE,15.0,24,Central Hub,2026-05-21T17:28:55.604332725
436,SOUVENIR_SALE,15.0,25,Central Hub,2026-05-21T17:28:55.604344963
437,SOUVENIR_SALE,15.0,26,Central Hub,2026-05-21T17:28:55.604357157
438,SOUVENIR_SALE,15.0,27,Central Hub,2026-05-21T17:28:55.604368456
439,SOUVENIR_SALE,15.0,29,Central Hub,2026-05-21T17:28:55.604382473
440,SOUVENIR_SALE,15.0,30,Central Hub,2026-05-21T17:28:55.604398246
441,SOUVENIR_SALE,15.0,34,Central Hub,2026-05-21T17:28:55.604412967
442,SOUVENIR_SALE,15.0,35,Central Hub,2026-05-21T17:28:55.604425414
443,SOUVENIR_SALE,15.0,36,Central Hub,2026-05-21T17:28:55.604436530
444,SOUVENIR_SALE,15.0,37,Central Hub,2026-05-21T17:28:55.604449708
445,SOUVENIR_SALE,15.0,39,Central Hub,2026-05-21T17:28:55.604462552
446,SOUVENIR_SALE,15.0,41,Central Hub,2026-05-21T17:28:55.604476064
447,SOUVENIR_SALE,15.0,42,Central Hub,2026-05-21T17:28:55.604506190
448,SOUVENIR_SALE,15.0,44,Central Hub,2026-05-21T17:28:55.604531030
449,SOUVENIR_SALE,15.0,45,Central Hub,2026-05-21T17:28:55.604549214
450,SOUVENIR_SALE,15.0,47,Central Hub,2026-05-21T17:28:55.604564396
451,SOUVENIR_SALE,15.0,48,Central Hub,2026-05-21T17:28:55.604577325
452,SOUVENIR_SALE,15.0,50,Central Hub,2026-05-21T17:28:55.604590749
453,SOUVENIR_SALE,15.0,1,Central Hub,2026-05-21T17:28:55.604619913
454,SOUVENIR_SALE,15.0,2,Central Hub,2026-05-21T17:28:55.604644016
455,SPA_SERVICE,20.0,6,Bathroom Zone,2026-05-21T17:28:55.604662673
456,SOUVENIR_SALE,15.0,8,Central Hub,2026-05-21T17:28:55.604680154
457,SPA_SERVICE,20.0,10,Bathroom Zone,2026-05-21T17:28:55.604696455
458,SOUVENIR_SALE,15.0,11,Central Hub,2026-05-21T17:28:55.604713689
459,SOUVENIR_SALE,15.0,12,Central Hub,2026-05-21T17:28:55.604761374
460,SOUVENIR_SALE,15.0,15,Central Hub,2026-05-21T17:28:55.604799259
461,SOUVENIR_SALE,15.0,26,Central Hub,2026-05-21T17:28:55.604819826
462,SOUVENIR_SALE,15.0,28,Central Hub,2026-05-21T17:28:55.604834727
463,SOUVENIR_SALE,15.0,32,Central Hub,2026-05-21T17:28:55.604850242
464,SOUVENIR_SALE,15.0,33,Central Hub,2026-05-21T17:28:55.604866614
465,SOUVENIR_SALE,15.0,34,Central Hub,2026-05-21T17:28:55.604877280
466,SOUVENIR_SALE,15.0,39,Central Hub,2026-05-21T17:28:55.604888846
467,SOUVENIR_SALE,15.0,42,Central Hub,2026-05-21T17:28:55.604901152
468,SOUVENIR_SALE,15.0,50,Central Hub,2026-05-21T17:28:55.604917522
469,SOUVENIR_SALE,15.0,2,Central Hub,2026-05-21T17:28:55.604945734
470,SOUVENIR_SALE,15.0,3,Central Hub,2026-05-21T17:28:55.604964394
471,SOUVENIR_SALE,15.0,5,Central Hub,2026-05-21T17:28:55.604984087
472,SOUVENIR_SALE,15.0,7,Central Hub,2026-05-21T17:28:55.604999442
473,SOUVENIR_SALE,15.0,10,Central Hub,2026-05-21T17:28:55.605074290
474,SOUVENIR_SALE,15.0,11,Central Hub,2026-05-21T17:28:55.605090475
475,SOUVENIR_SALE,15.0,14,Central Hub,2026-05-21T17:28:55.605102385
476,SOUVENIR_SALE,15.0,16,Central Hub,2026-05-21T17:28:55.605113801
477,SOUVENIR_SALE,15.0,18,Central Hub,2026-05-21T17:28:55.605128821
478,SOUVENIR_SALE,15.0,20,Central Hub,2026-05-21T17:28:55.605142450
479,SOUVENIR_SALE,15.0,21,Central Hub,2026-05-21T17:28:55.605153183
480,SOUVENIR_SALE,15.0,25,Central Hub,2026-05-21T17:28:55.605163590
481,SOUVENIR_SALE,15.0,27,Central Hub,2026-05-21T17:28:55.605173337
482,SOUVENIR_SALE,15.0,30,Central Hub,2026-05-21T17:28:55.605185858
483,SOUVENIR_SALE,15.0,31,Central Hub,2026-05-21T17:28:55.605197467
484,SOUVENIR_SALE,15.0,37,Central Hub,2026-05-21T17:28:55.605212969
485,SOUVENIR_SALE,15.0,43,Central Hub,2026-05-21T17:28:55.605226989
486,SOUVENIR_SALE,15.0,44,Central Hub,2026-05-21T17:28:55.605258048
487,SOUVENIR_SALE,15.0,45,Central Hub,2026-05-21T17:28:55.605287234
488,SOUVENIR_SALE,15.0,46,Central Hub,2026-05-21T17:28:55.605301796
489,SOUVENIR_SALE,15.0,47,Central Hub,2026-05-21T17:28:55.605313496
490,SOUVENIR_SALE,15.0,48,Central Hub,2026-05-21T17:28:55.605324413
491,SOUVENIR_SALE,15.0,49,Central Hub,2026-05-21T17:28:55.605333809
492,SOUVENIR_SALE,15.0,50,Central Hub,2026-05-21T17:28:55.605348089
493,SOUVENIR_SALE,15.0,3,Central Hub,2026-05-21T17:28:55.605371832
494,SOUVENIR_SALE,15.0,6,Central Hub,2026-05-21T17:28:55.605391927
495,SOUVENIR_SALE,15.0,7,Central Hub,2026-05-21T17:28:55.605406706
496,SOUVENIR_SALE,15.0,8,Central Hub,2026-05-21T17:28:55.605419692
497,SOUVENIR_SALE,15.0,12,Central Hub,2026-05-21T17:28:55.605433484
498,SOUVENIR_SALE,15.0,15,Central Hub,2026-05-21T17:28:55.605448276
499,SOUVENIR_SALE,15.0,20,Central Hub,2026-05-21T17:28:55.605470215
500,SOUVENIR_SALE,15.0,22,Central Hub,2026-05-21T17:28:55.605482761
501,SOUVENIR_SALE,15.0,23,Central Hub,2026-05-21T17:28:55.605493847
502,SOUVENIR_SALE,15.0,28,Central Hub,2026-05-21T17:28:55.605504750
503,SOUVENIR_SALE,15.0,31,Central Hub,2026-05-21T17:28:55.605514803
504,SOUVENIR_SALE,15.0,34,Central Hub,2026-05-21T17:28:55.605525534
505,SOUVENIR_SALE,15.0,35,Central Hub,2026-05-21T17:28:55.605541723
506,SOUVENIR_SALE,15.0,36,Central Hub,2026-05-21T17:28:55.605552568
507,SOUVENIR_SALE,15.0,37,Central Hub,2026-05-21T17:28:55.605567036
508,SOUVENIR_SALE,15.0,39,Central Hub,2026-05-21T17:28:55.605579533
509,SOUVENIR_SALE,15.0,40,Central Hub,2026-05-21T17:28:55.605590342
510,SOUVENIR_SALE,15.0,46,Central Hub,2026-05-21T17:28:55.605618076
511,SOUVENIR_SALE,15.0,49,Central Hub,2026-05-21T17:28:55.605678354
512,SOUVENIR_SALE,15.0,50,Central Hub,2026-05-21T17:28:55.605694209
513,SOUVENIR_SALE,15.0,1,Central Hub,2026-05-21T17:28:55.606707497
514,SPA_SERVICE,20.0,1,Bathroom Zone,2026-05-21T17:28:55.606796689
515,SOUVENIR_SALE,15.0,3,Central Hub,2026-05-21T17:28:55.606859510
516,SPA_SERVICE,20.0,3,Bathroom Zone,2026-05-21T17:28:55.606952503
517,SOUVENIR_SALE,15.0,4,Central Hub,2026-05-21T17:28:55.606975843
518,SOUVENIR_SALE,15.0,7,Central Hub,2026-05-21T17:28:55.607002236
519,SOUVENIR_SALE,15.0,8,Central Hub,2026-05-21T17:28:55.607027395
520,SOUVENIR_SALE,15.0,12,Central Hub,2026-05-21T17:28:55.607051898
521,SOUVENIR_SALE,15.0,13,Central Hub,2026-05-21T17:28:55.607084417
522,SOUVENIR_SALE,15.0,14,Central Hub,2026-05-21T17:28:55.607103837
523,SOUVENIR_SALE,15.0,15,Central Hub,2026-05-21T17:28:55.607123381
524,SOUVENIR_SALE,15.0,16,Central Hub,2026-05-21T17:28:55.607141961
525,SOUVENIR_SALE,15.0,19,Central Hub,2026-05-21T17:28:55.607158823
526,SOUVENIR_SALE,15.0,21,Central Hub,2026-05-21T17:28:55.607178076
527,SOUVENIR_SALE,15.0,24,Central Hub,2026-05-21T17:28:55.607198531
528,SOUVENIR_SALE,15.0,27,Central Hub,2026-05-21T17:28:55.607215313
529,SOUVENIR_SALE,15.0,29,Central Hub,2026-05-21T17:28:55.607234385
530,SOUVENIR_SALE,15.0,31,Central Hub,2026-05-21T17:28:55.607253659
531,SOUVENIR_SALE,15.0,35,Central Hub,2026-05-21T17:28:55.607271200
532,SOUVENIR_SALE,15.0,37,Central Hub,2026-05-21T17:28:55.607287143
533,SOUVENIR_SALE,15.0,39,Central Hub,2026-05-21T17:28:55.607314968
534,SOUVENIR_SALE,15.0,40,Central Hub,2026-05-21T17:28:55.607330902
535,SOUVENIR_SALE,15.0,41,Central Hub,2026-05-21T17:28:55.607346445
536,SOUVENIR_SALE,15.0,45,Central Hub,2026-05-21T17:28:55.607368392
537,SOUVENIR_SALE,15.0,46,Central Hub,2026-05-21T17:28:55.607392006
538,SOUVENIR_SALE,15.0,48,Central Hub,2026-05-21T17:28:55.607417859
539,SOUVENIR_SALE,15.0,49,Central Hub,2026-05-21T17:28:55.607438714
540,SOUVENIR_SALE,15.0,50,Central Hub,2026-05-21T17:28:55.607455149
541,SOUVENIR_SALE,15.0,1,Central Hub,2026-05-21T17:28:55.607509524
542,SOUVENIR_SALE,15.0,5,Central Hub,2026-05-21T17:28:55.607534592
543,SOUVENIR_SALE,15.0,6,Central Hub,2026-05-21T17:28:55.607554533
544,SOUVENIR_SALE,15.0,7,Central Hub,2026-05-21T17:28:55.607633426
545,SOUVENIR_SALE,15.0,10,Central Hub,2026-05-21T17:28:55.607673486
546,SOUVENIR_SALE,15.0,12,Central Hub,2026-05-21T17:28:55.607698836
547,SOUVENIR_SALE,15.0,18,Central Hub,2026-05-21T17:28:55.607752043
548,SOUVENIR_SALE,15.0,21,Central Hub,2026-05-21T17:28:55.607805022
549,SOUVENIR_SALE,15.0,24,Central Hub,2026-05-21T17:28:55.607832554
550,SOUVENIR_SALE,15.0,27,Central Hub,2026-05-21T17:28:55.607862025
551,SOUVENIR_SALE,15.0,28,Central Hub,2026-05-21T17:28:55.607878280
552,SOUVENIR_SALE,15.0,29,Central Hub,2026-05-21T17:28:55.607894421
553,SOUVENIR_SALE,15.0,31,Central Hub,2026-05-21T17:28:55.607915569
554,SOUVENIR_SALE,15.0,34,Central Hub,2026-05-21T17:28:55.607936637
555,SOUVENIR_SALE,15.0,35,Central Hub,2026-05-21T17:28:55.607992717
556,SOUVENIR_SALE,15.0,36,Central Hub,2026-05-21T17:28:55.608013433
557,SOUVENIR_SALE,15.0,37,Central Hub,2026-05-21T17:28:55.608031761
558,SOUVENIR_SALE,15.0,39,Central Hub,2026-05-21T17:28:55.608048857
559,SOUVENIR_SALE,15.0,42,Central Hub,2026-05-21T17:28:55.608123532
560,SOUVENIR_SALE,15.0,45,Central Hub,2026-05-21T17:28:55.608158503
561,SOUVENIR_SALE,15.0,46,Central Hub,2026-05-21T17:28:55.608183075
562,SOUVENIR_SALE,15.0,49,Central Hub,2026-05-21T17:28:55.608205188
563,SOUVENIR_SALE,15.0,50,Central Hub,2026-05-21T17:28:55.608225311
564,SOUVENIR_SALE,15.0,1,Central Hub,2026-05-21T17:28:55.608275684
565,SOUVENIR_SALE,15.0,4,Central Hub,2026-05-21T17:28:55.608366576
566,SOUVENIR_SALE,15.0,5,Central Hub,2026-05-21T17:28:55.608547425
567,SOUVENIR_SALE,15.0,6,Central Hub,2026-05-21T17:28:55.608620128
568,SOUVENIR_SALE,15.0,8,Central Hub,2026-05-21T17:28:55.608639259
569,SOUVENIR_SALE,15.0,11,Central Hub,2026-05-21T17:28:55.608649862
570,SOUVENIR_SALE,15.0,14,Central Hub,2026-05-21T17:28:55.608660604
571,SOUVENIR_SALE,15.0,16,Central Hub,2026-05-21T17:28:55.608669999
572,SOUVENIR_SALE,15.0,21,Central Hub,2026-05-21T17:28:55.608678267
573,SOUVENIR_SALE,15.0,22,Central Hub,2026-05-21T17:28:55.608686260
574,SOUVENIR_SALE,15.0,23,Central Hub,2026-05-21T17:28:55.608694594
575,SOUVENIR_SALE,15.0,27,Central Hub,2026-05-21T17:28:55.608722472
576,SOUVENIR_SALE,15.0,28,Central Hub,2026-05-21T17:28:55.608737538
577,SOUVENIR_SALE,15.0,29,Central Hub,2026-05-21T17:28:55.608748889
578,SOUVENIR_SALE,15.0,39,Central Hub,2026-05-21T17:28:55.608786697
579,SOUVENIR_SALE,15.0,44,Central Hub,2026-05-21T17:28:55.608800293
580,SOUVENIR_SALE,15.0,47,Central Hub,2026-05-21T17:28:55.608808790
581,SOUVENIR_SALE,15.0,48,Central Hub,2026-05-21T17:28:55.608816611
582,SOUVENIR_SALE,15.0,2,Central Hub,2026-05-21T17:28:55.608873977
583,SOUVENIR_SALE,15.0,4,Central Hub,2026-05-21T17:28:55.608895368
584,SOUVENIR_SALE,15.0,5,Central Hub,2026-05-21T17:28:55.608903865
585,SOUVENIR_SALE,15.0,7,Central Hub,2026-05-21T17:28:55.608912500
586,SOUVENIR_SALE,15.0,9,Central Hub,2026-05-21T17:28:55.608921930
587,SOUVENIR_SALE,15.0,10,Central Hub,2026-05-21T17:28:55.608929359
588,SOUVENIR_SALE,15.0,15,Central Hub,2026-05-21T17:28:55.608938557
589,SOUVENIR_SALE,15.0,16,Central Hub,2026-05-21T17:28:55.608945949
590,SOUVENIR_SALE,15.0,18,Central Hub,2026-05-21T17:28:55.608954248
591,SOUVENIR_SALE,15.0,20,Central Hub,2026-05-21T17:28:55.608961684
592,SOUVENIR_SALE,15.0,22,Central Hub,2026-05-21T17:28:55.608969014
593,SOUVENIR_SALE,15.0,23,Central Hub,2026-05-21T17:28:55.608977217
594,SOUVENIR_SALE,15.0,24,Central Hub,2026-05-21T17:28:55.608984903
595,SOUVENIR_SALE,15.0,33,Central Hub,2026-05-21T17:28:55.608998210
596,SOUVENIR_SALE,15.0,34,Central Hub,2026-05-21T17:28:55.609032183
597,SOUVENIR_SALE,15.0,35,Central Hub,2026-05-21T17:28:55.609047665
598,SOUVENIR_SALE,15.0,44,Central Hub,2026-05-21T17:28:55.609060706
599,SOUVENIR_SALE,15.0,47,Central Hub,2026-05-21T17:28:55.609071654
600,SOUVENIR_SALE,15.0,49,Central Hub,2026-05-21T17:28:55.609092456
601,SOUVENIR_SALE,15.0,50,Central Hub,2026-05-21T17:28:55.609105942
602,SOUVENIR_SALE,15.0,3,Central Hub,2026-05-21T17:28:55.609130381
603,SOUVENIR_SALE,15.0,4,Central Hub,2026-05-21T17:28:55.609140453
604,SOUVENIR_SALE,15.0,6,Central Hub,2026-05-21T17:28:55.609149015
605,SOUVENIR_SALE,15.0,8,Central Hub,2026-05-21T17:28:55.609161931
606,SOUVENIR_SALE,15.0,10,Central Hub,2026-05-21T17:28:55.609173394
607,SOUVENIR_SALE,15.0,12,Central Hub,2026-05-21T17:28:55.609182755
608,SOUVENIR_SALE,15.0,15,Central Hub,2026-05-21T17:28:55.609215902
609,SOUVENIR_SALE,15.0,20,Central Hub,2026-05-21T17:28:55.609232537
610,SOUVENIR_SALE,15.0,21,Central Hub,2026-05-21T17:28:55.609240579
611,SOUVENIR_SALE,15.0,24,Central Hub,2026-05-21T17:28:55.609248511
612,SOUVENIR_SALE,15.0,28,Central Hub,2026-05-21T17:28:55.609257439
613,SOUVENIR_SALE,15.0,29,Central Hub,2026-05-21T17:28:55.609264664
614,SOUVENIR_SALE,15.0,34,Central Hub,2026-05-21T17:28:55.609273692
615,SOUVENIR_SALE,15.0,39,Central Hub,2026-05-21T17:28:55.609283391
616,SOUVENIR_SALE,15.0,48,Central Hub,2026-05-21T17:28:55.609305459
617,SOUVENIR_SALE,15.0,49,Central Hub,2026-05-21T17:28:55.609349554
618,SOUVENIR_SALE,15.0,50,Central Hub,2026-05-21T17:28:55.609359589
619,SOUVENIR_SALE,15.0,2,Central Hub,2026-05-21T17:28:55.609377710
620,SOUVENIR_SALE,15.0,5,Central Hub,2026-05-21T17:28:55.609505848
621,SOUVENIR_SALE,15.0,13,Central Hub,2026-05-21T17:28:55.609529475
622,SOUVENIR_SALE,15.0,17,Central Hub,2026-05-21T17:28:55.609550516
623,SOUVENIR_SALE,15.0,20,Central Hub,2026-05-21T17:28:55.609561801
624,SOUVENIR_SALE,15.0,22,Central Hub,2026-05-21T17:28:55.609573628
625,SOUVENIR_SALE,15.0,26,Central Hub,2026-05-21T17:28:55.609582062
626,SOUVENIR_SALE,15.0,41,Central Hub,2026-05-21T17:28:55.609593768
627,SOUVENIR_SALE,15.0,43,Central Hub,2026-05-21T17:28:55.609601251
628,SOUVENIR_SALE,15.0,49,Central Hub,2026-05-21T17:28:55.609610266
629,SPA_SERVICE,20.0,2,Bathroom Zone,2026-05-21T17:28:55.609657938
630,SOUVENIR_SALE,15.0,3,Central Hub,2026-05-21T17:28:55.609688470
631,SOUVENIR_SALE,15.0,6,Central Hub,2026-05-21T17:28:55.609806518
632,SOUVENIR_SALE,15.0,7,Central Hub,2026-05-21T17:28:55.609833970
633,SPA_SERVICE,20.0,7,Bathroom Zone,2026-05-21T17:28:55.609844296
634,SOUVENIR_SALE,15.0,8,Central Hub,2026-05-21T17:28:55.609858123
635,SOUVENIR_SALE,15.0,11,Central Hub,2026-05-21T17:28:55.609872131
636,SOUVENIR_SALE,15.0,13,Central Hub,2026-05-21T17:28:55.609881040
637,SOUVENIR_SALE,15.0,16,Central Hub,2026-05-21T17:28:55.609891493
638,SOUVENIR_SALE,15.0,18,Central Hub,2026-05-21T17:28:55.609899560
639,SOUVENIR_SALE,15.0,21,Central Hub,2026-05-21T17:28:55.609912067
640,SOUVENIR_SALE,15.0,23,Central Hub,2026-05-21T17:28:55.609920439
641,SOUVENIR_SALE,15.0,27,Central Hub,2026-05-21T17:28:55.609928437
642,SOUVENIR_SALE,15.0,29,Central Hub,2026-05-21T17:28:55.609937838
643,SOUVENIR_SALE,15.0,30,Central Hub,2026-05-21T17:28:55.609945778
644,SOUVENIR_SALE,15.0,32,Central Hub,2026-05-21T17:28:55.609953651
645,SOUVENIR_SALE,15.0,35,Central Hub,2026-05-21T17:28:55.609963222
646,SOUVENIR_SALE,15.0,37,Central Hub,2026-05-21T17:28:55.609971274
647,SOUVENIR_SALE,15.0,38,Central Hub,2026-05-21T17:28:55.609978240
648,SOUVENIR_SALE,15.0,39,Central Hub,2026-05-21T17:28:55.609986113
649,SOUVENIR_SALE,15.0,42,Central Hub,2026-05-21T17:28:55.609993714
650,SOUVENIR_SALE,15.0,45,Central Hub,2026-05-21T17:28:55.610003527
651,SOUVENIR_SALE,15.0,48,Central Hub,2026-05-21T17:28:55.610012164
652,SOUVENIR_SALE,15.0,49,Central Hub,2026-05-21T17:28:55.610020047
653,SOUVENIR_SALE,15.0,50,Central Hub,2026-05-21T17:28:55.610027218
654,SOUVENIR_SALE,15.0,2,Central Hub,2026-05-21T17:28:55.610049412
655,SOUVENIR_SALE,15.0,3,Central Hub,2026-05-21T17:28:55.610060616
656,SOUVENIR_SALE,15.0,4,Central Hub,2026-05-21T17:28:55.610072611
657,SOUVENIR_SALE,15.0,9,Central Hub,2026-05-21T17:28:55.610083237
658,SOUVENIR_SALE,15.0,11,Central Hub,2026-05-21T17:28:55.610092378
659,SOUVENIR_SALE,15.0,14,Central Hub,2026-05-21T17:28:55.610253666
660,SOUVENIR_SALE,15.0,17,Central Hub,2026-05-21T17:28:55.610319534
661,SOUVENIR_SALE,15.0,18,Central Hub,2026-05-21T17:28:55.610337628
662,SOUVENIR_SALE,15.0,24,Central Hub,2026-05-21T17:28:55.610346997
663,SOUVENIR_SALE,15.0,28,Central Hub,2026-05-21T17:28:55.610357923
664,SOUVENIR_SALE,15.0,31,Central Hub,2026-05-21T17:28:55.610367551
665,SOUVENIR_SALE,15.0,33,Central Hub,2026-05-21T17:28:55.610376947
666,SOUVENIR_SALE,15.0,34,Central Hub,2026-05-21T17:28:55.610384960
667,SOUVENIR_SALE,15.0,40,Central Hub,2026-05-21T17:28:55.610393315
668,SOUVENIR_SALE,15.0,44,Central Hub,2026-05-21T17:28:55.610541699
669,SOUVENIR_SALE,15.0,46,Central Hub,2026-05-21T17:28:55.610601607
670,SOUVENIR_SALE,15.0,49,Central Hub,2026-05-21T17:28:55.618425702
671,SOUVENIR_SALE,15.0,4,Central Hub,2026-05-21T17:28:55.618682607
672,SOUVENIR_SALE,15.0,5,Central Hub,2026-05-21T17:28:55.618807324
673,SOUVENIR_SALE,15.0,6,Central Hub,2026-05-21T17:28:55.618824792
674,SOUVENIR_SALE,15.0,7,Central Hub,2026-05-21T17:28:55.618842534
675,SOUVENIR_SALE,15.0,8,Central Hub,2026-05-21T17:28:55.618849721
676,SOUVENIR_SALE,15.0,12,Central Hub,2026-05-21T17:28:55.618857495
677,SOUVENIR_SALE,15.0,13,Central Hub,2026-05-21T17:28:55.618863774
678,SOUVENIR_SALE,15.0,21,Central Hub,2026-05-21T17:28:55.618872693
679,SOUVENIR_SALE,15.0,22,Central Hub,2026-05-21T17:28:55.618880
680,SOUVENIR_SALE,15.0,23,Central Hub,2026-05-21T17:28:55.618887206
681,SOUVENIR_SALE,15.0,24,Central Hub,2026-05-21T17:28:55.618896694
682,SOUVENIR_SALE,15.0,27,Central Hub,2026-05-21T17:28:55.618904275
683,SOUVENIR_SALE,15.0,33,Central Hub,2026-05-21T17:28:55.618925148
684,SOUVENIR_SALE,15.0,43,Central Hub,2026-05-21T17:28:55.618938418
685,SOUVENIR_SALE,15.0,46,Central Hub,2026-05-21T17:28:55.618947045
686,SOUVENIR_SALE,15.0,48,Central Hub,2026-05-21T17:28:55.618956989
687,SOUVENIR_SALE,15.0,49,Central Hub,2026-05-21T17:28:55.618963294
688,SOUVENIR_SALE,15.0,2,Central Hub,2026-05-21T17:28:55.619006106
689,SOUVENIR_SALE,15.0,6,Central Hub,2026-05-21T17:28:55.619017034
690,SPA_SERVICE,20.0,7,Bathroom Zone,2026-05-21T17:28:55.619026567
691,SOUVENIR_SALE,15.0,8,Central Hub,2026-05-21T17:28:55.619034821
692,SOUVENIR_SALE,15.0,9,Central Hub,2026-05-21T17:28:55.619041708
693,SOUVENIR_SALE,15.0,11,Central Hub,2026-05-21T17:28:55.619048841
694,SOUVENIR_SALE,15.0,13,Central Hub,2026-05-21T17:28:55.619055390
695,SOUVENIR_SALE,15.0,16,Central Hub,2026-05-21T17:28:55.619062177
696,SOUVENIR_SALE,15.0,19,Central Hub,2026-05-21T17:28:55.619255227
697,SOUVENIR_SALE,15.0,20,Central Hub,2026-05-21T17:28:55.619464598
698,SOUVENIR_SALE,15.0,21,Central Hub,2026-05-21T17:28:55.619494863
699,SOUVENIR_SALE,15.0,23,Central Hub,2026-05-21T17:28:55.619552091
700,SOUVENIR_SALE,15.0,29,Central Hub,2026-05-21T17:28:55.619589013
701,SOUVENIR_SALE,15.0,31,Central Hub,2026-05-21T17:28:55.619605384
702,SOUVENIR_SALE,15.0,32,Central Hub,2026-05-21T17:28:55.619620378
703,SOUVENIR_SALE,15.0,34,Central Hub,2026-05-21T17:28:55.619633146
704,SOUVENIR_SALE,15.0,36,Central Hub,2026-05-21T17:28:55.619666911
705,SOUVENIR_SALE,15.0,37,Central Hub,2026-05-21T17:28:55.619680800
706,SOUVENIR_SALE,15.0,42,Central Hub,2026-05-21T17:28:55.619698084
707,SOUVENIR_SALE,15.0,48,Central Hub,2026-05-21T17:28:55.619720550
708,SOUVENIR_SALE,15.0,50,Central Hub,2026-05-21T17:28:55.619738740
709,SOUVENIR_SALE,15.0,6,Central Hub,2026-05-21T17:28:55.619802483
710,SOUVENIR_SALE,15.0,15,Central Hub,2026-05-21T17:28:55.619826717
711,SOUVENIR_SALE,15.0,16,Central Hub,2026-05-21T17:28:55.619844049
712,SOUVENIR_SALE,15.0,18,Central Hub,2026-05-21T17:28:55.619856048
713,SOUVENIR_SALE,15.0,23,Central Hub,2026-05-21T17:28:55.619868942
714,SOUVENIR_SALE,15.0,24,Central Hub,2026-05-21T17:28:55.619888709
715,SOUVENIR_SALE,15.0,25,Central Hub,2026-05-21T17:28:55.619907475
716,SOUVENIR_SALE,15.0,30,Central Hub,2026-05-21T17:28:55.619921643
717,SOUVENIR_SALE,15.0,32,Central Hub,2026-05-21T17:28:55.619935141
718,SOUVENIR_SALE,15.0,34,Central Hub,2026-05-21T17:28:55.619966984
719,SOUVENIR_SALE,15.0,35,Central Hub,2026-05-21T17:28:55.619995305
720,SOUVENIR_SALE,15.0,38,Central Hub,2026-05-21T17:28:55.620009360
721,SOUVENIR_SALE,15.0,39,Central Hub,2026-05-21T17:28:55.620020981
722,SOUVENIR_SALE,15.0,43,Central Hub,2026-05-21T17:28:55.620042736
723,SOUVENIR_SALE,15.0,45,Central Hub,2026-05-21T17:28:55.620058306
724,SOUVENIR_SALE,15.0,6,Central Hub,2026-05-21T17:28:55.620093940
725,SOUVENIR_SALE,15.0,8,Central Hub,2026-05-21T17:28:55.620110592
726,SOUVENIR_SALE,15.0,10,Central Hub,2026-05-21T17:28:55.620152070
727,SOUVENIR_SALE,15.0,11,Central Hub,2026-05-21T17:28:55.620165698
728,SOUVENIR_SALE,15.0,16,Central Hub,2026-05-21T17:28:55.620181486
729,SOUVENIR_SALE,15.0,18,Central Hub,2026-05-21T17:28:55.620213147
730,SOUVENIR_SALE,15.0,19,Central Hub,2026-05-21T17:28:55.620226531
731,SOUVENIR_SALE,15.0,27,Central Hub,2026-05-21T17:28:55.620240350
732,SOUVENIR_SALE,15.0,28,Central Hub,2026-05-21T17:28:55.620255707
733,SOUVENIR_SALE,15.0,29,Central Hub,2026-05-21T17:28:55.620266620
734,SOUVENIR_SALE,15.0,31,Central Hub,2026-05-21T17:28:55.620278100
735,SOUVENIR_SALE,15.0,36,Central Hub,2026-05-21T17:28:55.620295295
736,SOUVENIR_SALE,15.0,37,Central Hub,2026-05-21T17:28:55.620307193
737,SOUVENIR_SALE,15.0,41,Central Hub,2026-05-21T17:28:55.620319640
738,SOUVENIR_SALE,15.0,46,Central Hub,2026-05-21T17:28:55.620332712
739,SOUVENIR_SALE,15.0,48,Central Hub,2026-05-21T17:28:55.620346733
740,SOUVENIR_SALE,15.0,49,Central Hub,2026-05-21T17:28:55.620357862
741,SOUVENIR_SALE,15.0,50,Central Hub,2026-05-21T17:28:55.620373980
742,SOUVENIR_SALE,15.0,1,Central Hub,2026-05-21T17:28:55.620406581
743,SPA_SERVICE,20.0,2,Bathroom Zone,2026-05-21T17:28:55.620427117
744,SOUVENIR_SALE,15.0,3,Central Hub,2026-05-21T17:28:55.620443557
745,SOUVENIR_SALE,15.0,4,Central Hub,2026-05-21T17:28:55.620459632
746,SPA_SERVICE,20.0,4,Bathroom Zone,2026-05-21T17:28:55.620471156
747,SOUVENIR_SALE,15.0,5,Central Hub,2026-05-21T17:28:55.620487541
748,SOUVENIR_SALE,15.0,6,Central Hub,2026-05-21T17:28:55.620524221
749,SPA_SERVICE,20.0,7,Bathroom Zone,2026-05-21T17:28:55.620542039
750,SOUVENIR_SALE,15.0,8,Central Hub,2026-05-21T17:28:55.620558498
751,SOUVENIR_SALE,15.0,12,Central Hub,2026-05-21T17:28:55.620573554
752,SOUVENIR_SALE,15.0,15,Central Hub,2026-05-21T17:28:55.620585502
753,SOUVENIR_SALE,15.0,16,Central Hub,2026-05-21T17:28:55.620599883
754,SOUVENIR_SALE,15.0,18,Central Hub,2026-05-21T17:28:55.620611075
755,SOUVENIR_SALE,15.0,20,Central Hub,2026-05-21T17:28:55.620622254
756,SOUVENIR_SALE,15.0,24,Central Hub,2026-05-21T17:28:55.620635053
757,SOUVENIR_SALE,15.0,25,Central Hub,2026-05-21T17:28:55.620648671
758,SOUVENIR_SALE,15.0,26,Central Hub,2026-05-21T17:28:55.620660235
759,SOUVENIR_SALE,15.0,30,Central Hub,2026-05-21T17:28:55.620672035
760,SOUVENIR_SALE,15.0,32,Central Hub,2026-05-21T17:28:55.620685383
761,SOUVENIR_SALE,15.0,34,Central Hub,2026-05-21T17:28:55.620696316
762,SOUVENIR_SALE,15.0,35,Central Hub,2026-05-21T17:28:55.620706920
763,SOUVENIR_SALE,15.0,36,Central Hub,2026-05-21T17:28:55.620720025
764,SOUVENIR_SALE,15.0,38,Central Hub,2026-05-21T17:28:55.620731400
765,SOUVENIR_SALE,15.0,43,Central Hub,2026-05-21T17:28:55.620743672
766,SOUVENIR_SALE,15.0,44,Central Hub,2026-05-21T17:28:55.620755165
767,SOUVENIR_SALE,15.0,46,Central Hub,2026-05-21T17:28:55.620784365
768,SOUVENIR_SALE,15.0,4,Central Hub,2026-05-21T17:28:55.620814401
769,SOUVENIR_SALE,15.0,5,Central Hub,2026-05-21T17:28:55.620858948
770,SOUVENIR_SALE,15.0,8,Central Hub,2026-05-21T17:28:55.620898677
771,SOUVENIR_SALE,15.0,9,Central Hub,2026-05-21T17:28:55.620921828
772,SOUVENIR_SALE,15.0,12,Central Hub,2026-05-21T17:28:55.620936885
773,SOUVENIR_SALE,15.0,14,Central Hub,2026-05-21T17:28:55.620948619
774,SOUVENIR_SALE,15.0,16,Central Hub,2026-05-21T17:28:55.620960510
775,SOUVENIR_SALE,15.0,20,Central Hub,2026-05-21T17:28:55.620995879
776,SOUVENIR_SALE,15.0,22,Central Hub,2026-05-21T17:28:55.621015891
777,SOUVENIR_SALE,15.0,24,Central Hub,2026-05-21T17:28:55.621031327
778,SOUVENIR_SALE,15.0,25,Central Hub,2026-05-21T17:28:55.621043458
779,SOUVENIR_SALE,15.0,26,Central Hub,2026-05-21T17:28:55.621056453
780,SOUVENIR_SALE,15.0,29,Central Hub,2026-05-21T17:28:55.621077141
781,SOUVENIR_SALE,15.0,30,Central Hub,2026-05-21T17:28:55.621092186
782,SOUVENIR_SALE,15.0,31,Central Hub,2026-05-21T17:28:55.621108212
783,SOUVENIR_SALE,15.0,35,Central Hub,2026-05-21T17:28:55.621126954
784,SOUVENIR_SALE,15.0,36,Central Hub,2026-05-21T17:28:55.621139191
785,SOUVENIR_SALE,15.0,39,Central Hub,2026-05-21T17:28:55.621152565
786,SOUVENIR_SALE,15.0,41,Central Hub,2026-05-21T17:28:55.621167721
787,SOUVENIR_SALE,15.0,42,Central Hub,2026-05-21T17:28:55.621180009
788,SOUVENIR_SALE,15.0,43,Central Hub,2026-05-21T17:28:55.621194829
789,SOUVENIR_SALE,15.0,44,Central Hub,2026-05-21T17:28:55.621226502
790,SOUVENIR_SALE,15.0,47,Central Hub,2026-05-21T17:28:55.621246188
791,SOUVENIR_SALE,15.0,48,Central Hub,2026-05-21T17:28:55.621260069
792,SOUVENIR_SALE,15.0,50,Central Hub,2026-05-21T17:28:55.621276939
793,SOUVENIR_SALE,15.0,2,Central Hub,2026-05-21T17:28:55.621321735
794,SOUVENIR_SALE,15.0,4,Central Hub,2026-05-21T17:28:55.621344311
795,SOUVENIR_SALE,15.0,6,Central Hub,2026-05-21T17:28:55.621357960
796,SOUVENIR_SALE,15.0,9,Central Hub,2026-05-21T17:28:55.621376793
797,SOUVENIR_SALE,15.0,10,Central Hub,2026-05-21T17:28:55.621389193
798,SOUVENIR_SALE,15.0,12,Central Hub,2026-05-21T17:28:55.621402514
799,SOUVENIR_SALE,15.0,14,Central Hub,2026-05-21T17:28:55.621415833
800,SOUVENIR_SALE,15.0,18,Central Hub,2026-05-21T17:28:55.621431157
801,SOUVENIR_SALE,15.0,22,Central Hub,2026-05-21T17:28:55.621448720
802,SOUVENIR_SALE,15.0,26,Central Hub,2026-05-21T17:28:55.621468909
803,SOUVENIR_SALE,15.0,28,Central Hub,2026-05-21T17:28:55.621486748
804,SOUVENIR_SALE,15.0,36,Central Hub,2026-05-21T17:28:55.621503891
805,SOUVENIR_SALE,15.0,41,Central Hub,2026-05-21T17:28:55.621520691
806,SOUVENIR_SALE,15.0,44,Central Hub,2026-05-21T17:28:55.621534747
807,SOUVENIR_SALE,15.0,1,Central Hub,2026-05-21T17:28:55.621584136
808,SOUVENIR_SALE,15.0,3,Central Hub,2026-05-21T17:28:55.621609302
809,SPA_SERVICE,20.0,3,Bathroom Zone,2026-05-21T17:28:55.621622665
810,SPA_SERVICE,20.0,4,Bathroom Zone,2026-05-21T17:28:55.621638250
811,SPA_SERVICE,20.0,5,Bathroom Zone,2026-05-21T17:28:55.621657168
812,SOUVENIR_SALE,15.0,7,Central Hub,2026-05-21T17:28:55.621672975
813,SOUVENIR_SALE,15.0,8,Central Hub,2026-05-21T17:28:55.621689526
814,SPA_SERVICE,20.0,8,Bathroom Zone,2026-05-21T17:28:55.621703394
815,SOUVENIR_SALE,15.0,10,Central Hub,2026-05-21T17:28:55.621720750
816,SPA_SERVICE,20.0,10,Bathroom Zone,2026-05-21T17:28:55.621733408
817,SOUVENIR_SALE,15.0,11,Central Hub,2026-05-21T17:28:55.621746228
818,SOUVENIR_SALE,15.0,13,Central Hub,2026-05-21T17:28:55.621758244
819,SOUVENIR_SALE,15.0,14,Central Hub,2026-05-21T17:28:55.621770484
820,SOUVENIR_SALE,15.0,15,Central Hub,2026-05-21T17:28:55.621784760
821,SOUVENIR_SALE,15.0,18,Central Hub,2026-05-21T17:28:55.621799717
822,SOUVENIR_SALE,15.0,20,Central Hub,2026-05-21T17:28:55.621864159
823,SOUVENIR_SALE,15.0,21,Central Hub,2026-05-21T17:28:55.621898944
824,SOUVENIR_SALE,15.0,22,Central Hub,2026-05-21T17:28:55.621919782
825,SOUVENIR_SALE,15.0,23,Central Hub,2026-05-21T17:28:55.621932213
826,SOUVENIR_SALE,15.0,26,Central Hub,2026-05-21T17:28:55.621945476
827,SOUVENIR_SALE,15.0,27,Central Hub,2026-05-21T17:28:55.621958291
828,SOUVENIR_SALE,15.0,28,Central Hub,2026-05-21T17:28:55.621970894
829,SOUVENIR_SALE,15.0,30,Central Hub,2026-05-21T17:28:55.621986704
830,SOUVENIR_SALE,15.0,31,Central Hub,2026-05-21T17:28:55.622002617
831,SOUVENIR_SALE,15.0,33,Central Hub,2026-05-21T17:28:55.622015984
832,SOUVENIR_SALE,15.0,35,Central Hub,2026-05-21T17:28:55.622034310
833,SOUVENIR_SALE,15.0,37,Central Hub,2026-05-21T17:28:55.622047686
834,SOUVENIR_SALE,15.0,40,Central Hub,2026-05-21T17:28:55.622060672
835,SOUVENIR_SALE,15.0,42,Central Hub,2026-05-21T17:28:55.622074345
836,SOUVENIR_SALE,15.0,43,Central Hub,2026-05-21T17:28:55.622086639
837,SOUVENIR_SALE,15.0,44,Central Hub,2026-05-21T17:28:55.622102084
838,SOUVENIR_SALE,15.0,46,Central Hub,2026-05-21T17:28:55.622115673
839,SOUVENIR_SALE,15.0,47,Central Hub,2026-05-21T17:28:55.622127146
840,SOUVENIR_SALE,15.0,48,Central Hub,2026-05-21T17:28:55.622141667
841,SOUVENIR_SALE,15.0,49,Central Hub,2026-05-21T17:28:55.622156188
842,SOUVENIR_SALE,15.0,4,Central Hub,2026-05-21T17:28:55.622205413
843,SOUVENIR_SALE,15.0,5,Central Hub,2026-05-21T17:28:55.622228039
844,SOUVENIR_SALE,15.0,9,Central Hub,2026-05-21T17:28:55.622241643
845,SOUVENIR_SALE,15.0,11,Central Hub,2026-05-21T17:28:55.622259137
846,SOUVENIR_SALE,15.0,12,Central Hub,2026-05-21T17:28:55.622271503
847,SOUVENIR_SALE,15.0,13,Central Hub,2026-05-21T17:28:55.622283720
848,SOUVENIR_SALE,15.0,18,Central Hub,2026-05-21T17:28:55.622297183
849,SOUVENIR_SALE,15.0,20,Central Hub,2026-05-21T17:28:55.622309771
850,SOUVENIR_SALE,15.0,22,Central Hub,2026-05-21T17:28:55.622362907
851,SOUVENIR_SALE,15.0,23,Central Hub,2026-05-21T17:28:55.622497806
852,SOUVENIR_SALE,15.0,30,Central Hub,2026-05-21T17:28:55.622595278
853,SOUVENIR_SALE,15.0,32,Central Hub,2026-05-21T17:28:55.622622697
854,SOUVENIR_SALE,15.0,36,Central Hub,2026-05-21T17:28:55.622630568
855,SOUVENIR_SALE,15.0,39,Central Hub,2026-05-21T17:28:55.622641051
856,SOUVENIR_SALE,15.0,41,Central Hub,2026-05-21T17:28:55.622652211
857,SOUVENIR_SALE,15.0,46,Central Hub,2026-05-21T17:28:55.622660148
858,SOUVENIR_SALE,15.0,47,Central Hub,2026-05-21T17:28:55.622670497
859,SOUVENIR_SALE,15.0,49,Central Hub,2026-05-21T17:28:55.622679529
860,SOUVENIR_SALE,15.0,3,Central Hub,2026-05-21T17:28:55.622723485
861,SOUVENIR_SALE,15.0,4,Central Hub,2026-05-21T17:28:55.622750932
862,SOUVENIR_SALE,15.0,5,Central Hub,2026-05-21T17:28:55.622757711
863,SOUVENIR_SALE,15.0,9,Central Hub,2026-05-21T17:28:55.622765182
864,SOUVENIR_SALE,15.0,14,Central Hub,2026-05-21T17:28:55.622773304
865,SOUVENIR_SALE,15.0,15,Central Hub,2026-05-21T17:28:55.622779682
866,SOUVENIR_SALE,15.0,20,Central Hub,2026-05-21T17:28:55.622788909
867,SOUVENIR_SALE,15.0,21,Central Hub,2026-05-21T17:28:55.622798156
868,SOUVENIR_SALE,15.0,26,Central Hub,2026-05-21T17:28:55.622817892
869,SOUVENIR_SALE,15.0,27,Central Hub,2026-05-21T17:28:55.622824526
870,SOUVENIR_SALE,15.0,28,Central Hub,2026-05-21T17:28:55.622833203
871,SOUVENIR_SALE,15.0,30,Central Hub,2026-05-21T17:28:55.622839880
872,SOUVENIR_SALE,15.0,31,Central Hub,2026-05-21T17:28:55.622846710
873,SOUVENIR_SALE,15.0,33,Central Hub,2026-05-21T17:28:55.622853954
874,SOUVENIR_SALE,15.0,34,Central Hub,2026-05-21T17:28:55.622860192
875,SOUVENIR_SALE,15.0,35,Central Hub,2026-05-21T17:28:55.622866568
876,SOUVENIR_SALE,15.0,37,Central Hub,2026-05-21T17:28:55.622875712
877,SOUVENIR_SALE,15.0,39,Central Hub,2026-05-21T17:28:55.622883364
878,SOUVENIR_SALE,15.0,41,Central Hub,2026-05-21T17:28:55.622890577
879,SOUVENIR_SALE,15.0,42,Central Hub,2026-05-21T17:28:55.622900027
880,SOUVENIR_SALE,15.0,45,Central Hub,2026-05-21T17:28:55.622907038
881,SOUVENIR_SALE,15.0,50,Central Hub,2026-05-21T17:28:55.622914296
882,SPA_SERVICE,20.0,3,Bathroom Zone,2026-05-21T17:28:55.622936425
883,SOUVENIR_SALE,15.0,4,Central Hub,2026-05-21T17:28:55.622971850
884,SPA_SERVICE,20.0,4,Bathroom Zone,2026-05-21T17:28:55.622980184
885,SOUVENIR_SALE,15.0,6,Central Hub,2026-05-21T17:28:55.622988170
886,SPA_SERVICE,20.0,9,Bathroom Zone,2026-05-21T17:28:55.623001594
887,SOUVENIR_SALE,15.0,10,Central Hub,2026-05-21T17:28:55.623008581
888,SOUVENIR_SALE,15.0,14,Central Hub,2026-05-21T17:28:55.623016700
889,SOUVENIR_SALE,15.0,15,Central Hub,2026-05-21T17:28:55.623024741
890,SOUVENIR_SALE,15.0,17,Central Hub,2026-05-21T17:28:55.623032948
891,SOUVENIR_SALE,15.0,19,Central Hub,2026-05-21T17:28:55.623043111
892,SOUVENIR_SALE,15.0,21,Central Hub,2026-05-21T17:28:55.623051067
893,SOUVENIR_SALE,15.0,23,Central Hub,2026-05-21T17:28:55.623057663
894,SOUVENIR_SALE,15.0,29,Central Hub,2026-05-21T17:28:55.623067569
895,SOUVENIR_SALE,15.0,30,Central Hub,2026-05-21T17:28:55.623092098
896,SOUVENIR_SALE,15.0,31,Central Hub,2026-05-21T17:28:55.623101134
897,SOUVENIR_SALE,15.0,32,Central Hub,2026-05-21T17:28:55.623109495
898,SOUVENIR_SALE,15.0,34,Central Hub,2026-05-21T17:28:55.623117497
899,SOUVENIR_SALE,15.0,38,Central Hub,2026-05-21T17:28:55.623125603
900,SOUVENIR_SALE,15.0,43,Central Hub,2026-05-21T17:28:55.623133128
901,SOUVENIR_SALE,15.0,44,Central Hub,2026-05-21T17:28:55.623141934
902,SOUVENIR_SALE,15.0,45,Central Hub,2026-05-21T17:28:55.623149902
903,SOUVENIR_SALE,15.0,48,Central Hub,2026-05-21T17:28:55.623157712
904,SOUVENIR_SALE,15.0,50,Central Hub,2026-05-21T17:28:55.623164154
905,SOUVENIR_SALE,15.0,3,Central Hub,2026-05-21T17:28:55.623180564
906,SOUVENIR_SALE,15.0,5,Central Hub,2026-05-21T17:28:55.623189611
907,SOUVENIR_SALE,15.0,6,Central Hub,2026-05-21T17:28:55.623195351
908,SOUVENIR_SALE,15.0,9,Central Hub,2026-05-21T17:28:55.623201620
909,SOUVENIR_SALE,15.0,18,Central Hub,2026-05-21T17:28:55.623209479
910,SOUVENIR_SALE,15.0,20,Central Hub,2026-05-21T17:28:55.623226269
911,SOUVENIR_SALE,15.0,21,Central Hub,2026-05-21T17:28:55.623232799
912,SOUVENIR_SALE,15.0,22,Central Hub,2026-05-21T17:28:55.623239540
913,SOUVENIR_SALE,15.0,23,Central Hub,2026-05-21T17:28:55.623245025
914,SOUVENIR_SALE,15.0,27,Central Hub,2026-05-21T17:28:55.623253418
915,SOUVENIR_SALE,15.0,28,Central Hub,2026-05-21T17:28:55.623489846
916,SOUVENIR_SALE,15.0,33,Central Hub,2026-05-21T17:28:55.623578807
917,SOUVENIR_SALE,15.0,36,Central Hub,2026-05-21T17:28:55.623593494
918,SOUVENIR_SALE,15.0,40,Central Hub,2026-05-21T17:28:55.623609268
919,SOUVENIR_SALE,15.0,42,Central Hub,2026-05-21T17:28:55.623619870
920,SOUVENIR_SALE,15.0,44,Central Hub,2026-05-21T17:28:55.623629844
921,SOUVENIR_SALE,15.0,48,Central Hub,2026-05-21T17:28:55.623649619
922,SOUVENIR_SALE,15.0,3,Central Hub,2026-05-21T17:28:55.623720365
923,SOUVENIR_SALE,15.0,5,Central Hub,2026-05-21T17:28:55.623739394
924,SOUVENIR_SALE,15.0,9,Central Hub,2026-05-21T17:28:55.623751483
925,SOUVENIR_SALE,15.0,14,Central Hub,2026-05-21T17:28:55.623763819
926,SOUVENIR_SALE,15.0,21,Central Hub,2026-05-21T17:28:55.623779797
927,SOUVENIR_SALE,15.0,22,Central Hub,2026-05-21T17:28:55.623789918
928,SOUVENIR_SALE,15.0,24,Central Hub,2026-05-21T17:28:55.623800062
929,SOUVENIR_SALE,15.0,26,Central Hub,2026-05-21T17:28:55.623810366
930,SOUVENIR_SALE,15.0,27,Central Hub,2026-05-21T17:28:55.623820584
931,SOUVENIR_SALE,15.0,32,Central Hub,2026-05-21T17:28:55.623832315
932,SOUVENIR_SALE,15.0,33,Central Hub,2026-05-21T17:28:55.623850865
933,SOUVENIR_SALE,15.0,37,Central Hub,2026-05-21T17:28:55.623862810
934,SOUVENIR_SALE,15.0,40,Central Hub,2026-05-21T17:28:55.623874353
935,SOUVENIR_SALE,15.0,41,Central Hub,2026-05-21T17:28:55.623883870
936,SOUVENIR_SALE,15.0,43,Central Hub,2026-05-21T17:28:55.623899779
937,SOUVENIR_SALE,15.0,44,Central Hub,2026-05-21T17:28:55.623910660
938,SOUVENIR_SALE,15.0,49,Central Hub,2026-05-21T17:28:55.623924246
939,SPA_SERVICE,20.0,1,Bathroom Zone,2026-05-21T17:28:55.624336732
940,SPA_SERVICE,20.0,4,Bathroom Zone,2026-05-21T17:28:55.624373581
941,SOUVENIR_SALE,15.0,5,Central Hub,2026-05-21T17:28:55.624381894
942,SOUVENIR_SALE,15.0,7,Central Hub,2026-05-21T17:28:55.624389600
943,SPA_SERVICE,20.0,8,Bathroom Zone,2026-05-21T17:28:55.624396772
944,SPA_SERVICE,20.0,10,Bathroom Zone,2026-05-21T17:28:55.624406044
945,SOUVENIR_SALE,15.0,11,Central Hub,2026-05-21T17:28:55.624416016
946,SOUVENIR_SALE,15.0,21,Central Hub,2026-05-21T17:28:55.624425500
947,SOUVENIR_SALE,15.0,22,Central Hub,2026-05-21T17:28:55.624438172
948,SOUVENIR_SALE,15.0,30,Central Hub,2026-05-21T17:28:55.624447104
949,SOUVENIR_SALE,15.0,31,Central Hub,2026-05-21T17:28:55.624453527
950,SOUVENIR_SALE,15.0,33,Central Hub,2026-05-21T17:28:55.624460169
951,SOUVENIR_SALE,15.0,36,Central Hub,2026-05-21T17:28:55.624467640
952,SOUVENIR_SALE,15.0,37,Central Hub,2026-05-21T17:28:55.624475182
953,SOUVENIR_SALE,15.0,38,Central Hub,2026-05-21T17:28:55.624482221
954,SOUVENIR_SALE,15.0,41,Central Hub,2026-05-21T17:28:55.624488943
955,SOUVENIR_SALE,15.0,42,Central Hub,2026-05-21T17:28:55.624495741
956,SOUVENIR_SALE,15.0,46,Central Hub,2026-05-21T17:28:55.624503226
957,SOUVENIR_SALE,15.0,50,Central Hub,2026-05-21T17:28:55.624512161
958,SOUVENIR_SALE,15.0,4,Central Hub,2026-05-21T17:28:55.624537651
959,SOUVENIR_SALE,15.0,8,Central Hub,2026-05-21T17:28:55.624547108
960,SOUVENIR_SALE,15.0,11,Central Hub,2026-05-21T17:28:55.624557368
961,SOUVENIR_SALE,15.0,15,Central Hub,2026-05-21T17:28:55.624563982
962,SOUVENIR_SALE,15.0,17,Central Hub,2026-05-21T17:28:55.624571787
963,SOUVENIR_SALE,15.0,19,Central Hub,2026-05-21T17:28:55.624577674
964,SOUVENIR_SALE,15.0,21,Central Hub,2026-05-21T17:28:55.624584304
965,SOUVENIR_SALE,15.0,24,Central Hub,2026-05-21T17:28:55.624591762
966,SOUVENIR_SALE,15.0,27,Central Hub,2026-05-21T17:28:55.624599840
967,SOUVENIR_SALE,15.0,28,Central Hub,2026-05-21T17:28:55.624607510
968,SOUVENIR_SALE,15.0,30,Central Hub,2026-05-21T17:28:55.624614368
969,SOUVENIR_SALE,15.0,35,Central Hub,2026-05-21T17:28:55.624622228
970,SOUVENIR_SALE,15.0,36,Central Hub,2026-05-21T17:28:55.624637189
971,SOUVENIR_SALE,15.0,41,Central Hub,2026-05-21T17:28:55.624643899
972,SOUVENIR_SALE,15.0,44,Central Hub,2026-05-21T17:28:55.624651010
973,SOUVENIR_SALE,15.0,48,Central Hub,2026-05-21T17:28:55.624659490
974,SOUVENIR_SALE,15.0,49,Central Hub,2026-05-21T17:28:55.624666501
975,SOUVENIR_SALE,15.0,50,Central Hub,2026-05-21T17:28:55.624672557
976,SOUVENIR_SALE,15.0,3,Central Hub,2026-05-21T17:28:55.624684789
977,SOUVENIR_SALE,15.0,5,Central Hub,2026-05-21T17:28:55.624693144
978,SOUVENIR_SALE,15.0,8,Central Hub,2026-05-21T17:28:55.624698958
979,SOUVENIR_SALE,15.0,10,Central Hub,2026-05-21T17:28:55.624704946
980,SOUVENIR_SALE,15.0,13,Central Hub,2026-05-21T17:28:55.624711131
981,SOUVENIR_SALE,15.0,16,Central Hub,2026-05-21T17:28:55.624717841
982,SOUVENIR_SALE,15.0,17,Central Hub,2026-05-21T17:28:55.624724750
983,SOUVENIR_SALE,15.0,19,Central Hub,2026-05-21T17:28:55.624730682
984,SOUVENIR_SALE,15.0,22,Central Hub,2026-05-21T17:28:55.624738348
985,SOUVENIR_SALE,15.0,25,Central Hub,2026-05-21T17:28:55.624745508
986,SOUVENIR_SALE,15.0,26,Central Hub,2026-05-21T17:28:55.624753061
987,SOUVENIR_SALE,15.0,36,Central Hub,2026-05-21T17:28:55.624762160
988,SOUVENIR_SALE,15.0,38,Central Hub,2026-05-21T17:28:55.624770351
989,SOUVENIR_SALE,15.0,40,Central Hub,2026-05-21T17:28:55.624776428
990,SOUVENIR_SALE,15.0,42,Central Hub,2026-05-21T17:28:55.624784717
991,SOUVENIR_SALE,15.0,1,Central Hub,2026-05-21T17:28:55.624810530
992,SOUVENIR_SALE,15.0,2,Central Hub,2026-05-21T17:28:55.624818604
993,SOUVENIR_SALE,15.0,3,Central Hub,2026-05-21T17:28:55.624824326
994,SPA_SERVICE,20.0,4,Bathroom Zone,2026-05-21T17:28:55.624831458
995,SPA_SERVICE,20.0,6,Bathroom Zone,2026-05-21T17:28:55.624838314
996,SOUVENIR_SALE,15.0,8,Central Hub,2026-05-21T17:28:55.624847926
997,SPA_SERVICE,20.0,8,Bathroom Zone,2026-05-21T17:28:55.624854752
998,SOUVENIR_SALE,15.0,12,Central Hub,2026-05-21T17:28:55.624865494
999,SOUVENIR_SALE,15.0,13,Central Hub,2026-05-21T17:28:55.624871338
1000,SOUVENIR_SALE,15.0,15,Central Hub,2026-05-21T17:28:55.624877679
1001,SOUVENIR_SALE,15.0,17,Central Hub,2026-05-21T17:28:55.624883561
1002,SOUVENIR_SALE,15.0,18,Central Hub,2026-05-21T17:28:55.624890616
1003,SOUVENIR_SALE,15.0,19,Central Hub,2026-05-21T17:28:55.624897437
1004,SOUVENIR_SALE,15.0,20,Central Hub,2026-05-21T17:28:55.624903259
1005,SOUVENIR_SALE,15.0,25,Central Hub,2026-05-21T17:28:55.624910795
1006,SOUVENIR_SALE,15.0,26,Central Hub,2026-05-21T17:28:55.624919826
1007,SOUVENIR_SALE,15.0,27,Central Hub,2026-05-21T17:28:55.624926071
1008,SOUVENIR_SALE,15.0,30,Central Hub,2026-05-21T17:28:55.624932557
1009,SOUVENIR_SALE,15.0,32,Central Hub,2026-05-21T17:28:55.624939364
1010,SOUVENIR_SALE,15.0,33,Central Hub,2026-05-21T17:28:55.624945374
1011,SOUVENIR_SALE,15.0,34,Central Hub,2026-05-21T17:28:55.624952148
1012,SOUVENIR_SALE,15.0,38,Central Hub,2026-05-21T17:28:55.624960416
1013,SOUVENIR_SALE,15.0,43,Central Hub,2026-05-21T17:28:55.624969505
1014,SOUVENIR_SALE,15.0,44,Central Hub,2026-05-21T17:28:55.624974752
1015,SOUVENIR_SALE,15.0,46,Central Hub,2026-05-21T17:28:55.624981139
1016,SOUVENIR_SALE,15.0,49,Central Hub,2026-05-21T17:28:55.624988725
1017,SOUVENIR_SALE,15.0,1,Central Hub,2026-05-21T17:28:55.625003058
1018,SOUVENIR_SALE,15.0,2,Central Hub,2026-05-21T17:28:55.625011643
1019,SOUVENIR_SALE,15.0,3,Central Hub,2026-05-21T17:28:55.625017176
1020,SOUVENIR_SALE,15.0,5,Central Hub,2026-05-21T17:28:55.625023954
1021,SOUVENIR_SALE,15.0,8,Central Hub,2026-05-21T17:28:55.625030204
1022,SOUVENIR_SALE,15.0,10,Central Hub,2026-05-21T17:28:55.625035894
1023,SOUVENIR_SALE,15.0,14,Central Hub,2026-05-21T17:28:55.625043633
1024,SOUVENIR_SALE,15.0,17,Central Hub,2026-05-21T17:28:55.625050466
1025,SOUVENIR_SALE,15.0,19,Central Hub,2026-05-21T17:28:55.625056740
1026,SOUVENIR_SALE,15.0,21,Central Hub,2026-05-21T17:28:55.625065181
1027,SOUVENIR_SALE,15.0,26,Central Hub,2026-05-21T17:28:55.625074641
1028,SOUVENIR_SALE,15.0,32,Central Hub,2026-05-21T17:28:55.625084639
1029,SOUVENIR_SALE,15.0,34,Central Hub,2026-05-21T17:28:55.625090891
1030,SOUVENIR_SALE,15.0,39,Central Hub,2026-05-21T17:28:55.625186990
1031,SOUVENIR_SALE,15.0,40,Central Hub,2026-05-21T17:28:55.625198796
1032,SOUVENIR_SALE,15.0,43,Central Hub,2026-05-21T17:28:55.625206824
1033,SOUVENIR_SALE,15.0,44,Central Hub,2026-05-21T17:28:55.625213076
1034,SOUVENIR_SALE,15.0,49,Central Hub,2026-05-21T17:28:55.625219999
1035,SOUVENIR_SALE,15.0,50,Central Hub,2026-05-21T17:28:55.625226140
1036,SOUVENIR_SALE,15.0,2,Central Hub,2026-05-21T17:28:55.625249498
1037,SOUVENIR_SALE,15.0,5,Central Hub,2026-05-21T17:28:55.625257367
1038,SOUVENIR_SALE,15.0,6,Central Hub,2026-05-21T17:28:55.625262931
1039,SOUVENIR_SALE,15.0,9,Central Hub,2026-05-21T17:28:55.625269183
1040,SOUVENIR_SALE,15.0,14,Central Hub,2026-05-21T17:28:55.625275843
1041,SOUVENIR_SALE,15.0,16,Central Hub,2026-05-21T17:28:55.625285363
1042,SOUVENIR_SALE,15.0,17,Central Hub,2026-05-21T17:28:55.625290941
1043,SOUVENIR_SALE,15.0,19,Central Hub,2026-05-21T17:28:55.625296655
1044,SOUVENIR_SALE,15.0,20,Central Hub,2026-05-21T17:28:55.625302196
1045,SOUVENIR_SALE,15.0,21,Central Hub,2026-05-21T17:28:55.625308113
1046,SOUVENIR_SALE,15.0,24,Central Hub,2026-05-21T17:28:55.625317115
1047,SOUVENIR_SALE,15.0,25,Central Hub,2026-05-21T17:28:55.625324045
1048,SOUVENIR_SALE,15.0,28,Central Hub,2026-05-21T17:28:55.625330049
1049,SOUVENIR_SALE,15.0,29,Central Hub,2026-05-21T17:28:55.625335575
1050,SOUVENIR_SALE,15.0,34,Central Hub,2026-05-21T17:28:55.625342712
1051,SOUVENIR_SALE,15.0,44,Central Hub,2026-05-21T17:28:55.625351282
1052,SOUVENIR_SALE,15.0,45,Central Hub,2026-05-21T17:28:55.625359573
1053,SOUVENIR_SALE,15.0,46,Central Hub,2026-05-21T17:28:55.625365456
1054,SOUVENIR_SALE,15.0,1,Central Hub,2026-05-21T17:28:55.625389100
1055,SOUVENIR_SALE,15.0,3,Central Hub,2026-05-21T17:28:55.625584755
1056,SOUVENIR_SALE,15.0,5,Central Hub,2026-05-21T17:28:55.625652675
1057,SOUVENIR_SALE,15.0,6,Central Hub,2026-05-21T17:28:55.625667105
1058,SOUVENIR_SALE,15.0,7,Central Hub,2026-05-21T17:28:55.625711967
1059,SOUVENIR_SALE,15.0,16,Central Hub,2026-05-21T17:28:55.625728812
1060,SOUVENIR_SALE,15.0,24,Central Hub,2026-05-21T17:28:55.625744263
1061,SOUVENIR_SALE,15.0,26,Central Hub,2026-05-21T17:28:55.625761240
1062,SOUVENIR_SALE,15.0,30,Central Hub,2026-05-21T17:28:55.625775324
1063,SOUVENIR_SALE,15.0,33,Central Hub,2026-05-21T17:28:55.625792591
1064,SOUVENIR_SALE,15.0,34,Central Hub,2026-05-21T17:28:55.625804629
1065,SOUVENIR_SALE,15.0,38,Central Hub,2026-05-21T17:28:55.625831757
1066,SOUVENIR_SALE,15.0,40,Central Hub,2026-05-21T17:28:55.625849572
1067,SOUVENIR_SALE,15.0,43,Central Hub,2026-05-21T17:28:55.625861671
1068,SOUVENIR_SALE,15.0,44,Central Hub,2026-05-21T17:28:55.625874777
1069,SOUVENIR_SALE,15.0,46,Central Hub,2026-05-21T17:28:55.625887028
1070,SOUVENIR_SALE,15.0,50,Central Hub,2026-05-21T17:28:55.625901963
1071,SOUVENIR_SALE,15.0,1,Central Hub,2026-05-21T17:28:55.626038133
1072,SOUVENIR_SALE,15.0,2,Central Hub,2026-05-21T17:28:55.626117086
1073,SOUVENIR_SALE,15.0,3,Central Hub,2026-05-21T17:28:55.626127489
1074,SOUVENIR_SALE,15.0,5,Central Hub,2026-05-21T17:28:55.626134164
1075,SOUVENIR_SALE,15.0,8,Central Hub,2026-05-21T17:28:55.626153689
1076,SOUVENIR_SALE,15.0,14,Central Hub,2026-05-21T17:28:55.626163329
1077,SOUVENIR_SALE,15.0,21,Central Hub,2026-05-21T17:28:55.626172131
1078,SOUVENIR_SALE,15.0,28,Central Hub,2026-05-21T17:28:55.626200607
1079,SOUVENIR_SALE,15.0,30,Central Hub,2026-05-21T17:28:55.626222386
1080,SOUVENIR_SALE,15.0,32,Central Hub,2026-05-21T17:28:55.626230800
1081,SOUVENIR_SALE,15.0,33,Central Hub,2026-05-21T17:28:55.626250850
1082,SOUVENIR_SALE,15.0,35,Central Hub,2026-05-21T17:28:55.626260215
1083,SOUVENIR_SALE,15.0,36,Central Hub,2026-05-21T17:28:55.626266813
1084,SOUVENIR_SALE,15.0,38,Central Hub,2026-05-21T17:28:55.626274642
1085,SOUVENIR_SALE,15.0,40,Central Hub,2026-05-21T17:28:55.626281257
1086,SOUVENIR_SALE,15.0,43,Central Hub,2026-05-21T17:28:55.626305396
1087,SOUVENIR_SALE,15.0,49,Central Hub,2026-05-21T17:28:55.626318490
1088,SOUVENIR_SALE,15.0,50,Central Hub,2026-05-21T17:28:55.626326262
1089,SOUVENIR_SALE,15.0,4,Central Hub,2026-05-21T17:28:55.626704557
1090,SOUVENIR_SALE,15.0,9,Central Hub,2026-05-21T17:28:55.626883885
1091,SOUVENIR_SALE,15.0,10,Central Hub,2026-05-21T17:28:55.626901564
1092,SOUVENIR_SALE,15.0,12,Central Hub,2026-05-21T17:28:55.626908130
1093,SOUVENIR_SALE,15.0,14,Central Hub,2026-05-21T17:28:55.626913956
1094,SOUVENIR_SALE,15.0,15,Central Hub,2026-05-21T17:28:55.626919612
1095,SOUVENIR_SALE,15.0,16,Central Hub,2026-05-21T17:28:55.626925131
1096,SOUVENIR_SALE,15.0,17,Central Hub,2026-05-21T17:28:55.626932681
1097,SOUVENIR_SALE,15.0,26,Central Hub,2026-05-21T17:28:55.626942375
1098,SOUVENIR_SALE,15.0,27,Central Hub,2026-05-21T17:28:55.626949273
1099,SOUVENIR_SALE,15.0,31,Central Hub,2026-05-21T17:28:55.626956461
1100,SOUVENIR_SALE,15.0,32,Central Hub,2026-05-21T17:28:55.626962869
1101,SOUVENIR_SALE,15.0,34,Central Hub,2026-05-21T17:28:55.626969080
1102,SOUVENIR_SALE,15.0,35,Central Hub,2026-05-21T17:28:55.626975220
1103,SOUVENIR_SALE,15.0,36,Central Hub,2026-05-21T17:28:55.626981034
1104,SOUVENIR_SALE,15.0,40,Central Hub,2026-05-21T17:28:55.626988316
1105,SOUVENIR_SALE,15.0,41,Central Hub,2026-05-21T17:28:55.626994358
1106,SOUVENIR_SALE,15.0,42,Central Hub,2026-05-21T17:28:55.627001526
1107,SOUVENIR_SALE,15.0,45,Central Hub,2026-05-21T17:28:55.627008934
1108,SOUVENIR_SALE,15.0,6,Central Hub,2026-05-21T17:28:55.627117501
1109,SOUVENIR_SALE,15.0,7,Central Hub,2026-05-21T17:28:55.627323203
1110,SOUVENIR_SALE,15.0,8,Central Hub,2026-05-21T17:28:55.627437460
1111,SOUVENIR_SALE,15.0,9,Central Hub,2026-05-21T17:28:55.627457421
1112,SPA_SERVICE,20.0,9,Bathroom Zone,2026-05-21T17:28:55.627479229
1113,SOUVENIR_SALE,15.0,10,Central Hub,2026-05-21T17:28:55.627566115
1114,SOUVENIR_SALE,15.0,11,Central Hub,2026-05-21T17:28:55.627606978
1115,SOUVENIR_SALE,15.0,22,Central Hub,2026-05-21T17:28:55.627632206
1116,SOUVENIR_SALE,15.0,23,Central Hub,2026-05-21T17:28:55.627652715
1117,SOUVENIR_SALE,15.0,29,Central Hub,2026-05-21T17:28:55.627722272
1118,SOUVENIR_SALE,15.0,32,Central Hub,2026-05-21T17:28:55.627742433
1119,SOUVENIR_SALE,15.0,36,Central Hub,2026-05-21T17:28:55.627750293
1120,SOUVENIR_SALE,15.0,41,Central Hub,2026-05-21T17:28:55.627757826
1121,SOUVENIR_SALE,15.0,43,Central Hub,2026-05-21T17:28:55.627764694
1122,SOUVENIR_SALE,15.0,45,Central Hub,2026-05-21T17:28:55.627771900
1123,SOUVENIR_SALE,15.0,48,Central Hub,2026-05-21T17:28:55.627780022
1124,SOUVENIR_SALE,15.0,5,Central Hub,2026-05-21T17:28:55.627808698
1125,SOUVENIR_SALE,15.0,6,Central Hub,2026-05-21T17:28:55.627818936
1126,SOUVENIR_SALE,15.0,7,Central Hub,2026-05-21T17:28:55.627829812
1127,SOUVENIR_SALE,15.0,8,Central Hub,2026-05-21T17:28:55.627836504
1128,SOUVENIR_SALE,15.0,9,Central Hub,2026-05-21T17:28:55.627884102
1129,SOUVENIR_SALE,15.0,12,Central Hub,2026-05-21T17:28:55.628197250
1130,SOUVENIR_SALE,15.0,13,Central Hub,2026-05-21T17:28:55.628293341
1131,SOUVENIR_SALE,15.0,15,Central Hub,2026-05-21T17:28:55.628324237
1132,SOUVENIR_SALE,15.0,24,Central Hub,2026-05-21T17:28:55.628345660
1133,SOUVENIR_SALE,15.0,25,Central Hub,2026-05-21T17:28:55.628401722
1134,SOUVENIR_SALE,15.0,26,Central Hub,2026-05-21T17:28:55.628428250
1135,SOUVENIR_SALE,15.0,31,Central Hub,2026-05-21T17:28:55.628449869
1136,SOUVENIR_SALE,15.0,32,Central Hub,2026-05-21T17:28:55.628468358
1137,SOUVENIR_SALE,15.0,33,Central Hub,2026-05-21T17:28:55.628528986
1138,SOUVENIR_SALE,15.0,34,Central Hub,2026-05-21T17:28:55.628556806
1139,SOUVENIR_SALE,15.0,36,Central Hub,2026-05-21T17:28:55.628579648
1140,SOUVENIR_SALE,15.0,37,Central Hub,2026-05-21T17:28:55.628595522
1141,SOUVENIR_SALE,15.0,40,Central Hub,2026-05-21T17:28:55.628614477
1142,SOUVENIR_SALE,15.0,46,Central Hub,2026-05-21T17:28:55.628638313
1143,SOUVENIR_SALE,15.0,5,Central Hub,2026-05-21T17:28:55.628729297
1144,SOUVENIR_SALE,15.0,7,Central Hub,2026-05-21T17:28:55.628759863
1145,SOUVENIR_SALE,15.0,8,Central Hub,2026-05-21T17:28:55.628777402
1146,SOUVENIR_SALE,15.0,13,Central Hub,2026-05-21T17:28:55.628799435
1147,SOUVENIR_SALE,15.0,19,Central Hub,2026-05-21T17:28:55.628823281
1148,SOUVENIR_SALE,15.0,23,Central Hub,2026-05-21T17:28:55.628839569
1149,SOUVENIR_SALE,15.0,28,Central Hub,2026-05-21T17:28:55.628853385
1150,SOUVENIR_SALE,15.0,31,Central Hub,2026-05-21T17:28:55.628887574
1151,SOUVENIR_SALE,15.0,37,Central Hub,2026-05-21T17:28:55.628906048
1152,SOUVENIR_SALE,15.0,39,Central Hub,2026-05-21T17:28:55.628927129
1153,SOUVENIR_SALE,15.0,40,Central Hub,2026-05-21T17:28:55.628938738
1154,SOUVENIR_SALE,15.0,43,Central Hub,2026-05-21T17:28:55.628951962
1155,SOUVENIR_SALE,15.0,45,Central Hub,2026-05-21T17:28:55.628964913
1156,SOUVENIR_SALE,15.0,46,Central Hub,2026-05-21T17:28:55.628976540
1157,SOUVENIR_SALE,15.0,48,Central Hub,2026-05-21T17:28:55.628989754
1158,SOUVENIR_SALE,15.0,2,Central Hub,2026-05-21T17:28:55.629032710
1159,SOUVENIR_SALE,15.0,3,Central Hub,2026-05-21T17:28:55.629057787
1160,SOUVENIR_SALE,15.0,4,Central Hub,2026-05-21T17:28:55.629071398
1161,SPA_SERVICE,20.0,4,Bathroom Zone,2026-05-21T17:28:55.629083299
1162,SOUVENIR_SALE,15.0,6,Central Hub,2026-05-21T17:28:55.629099123
1163,SPA_SERVICE,20.0,8,Bathroom Zone,2026-05-21T17:28:55.629115452
1164,SOUVENIR_SALE,15.0,9,Central Hub,2026-05-21T17:28:55.629131112
1165,SOUVENIR_SALE,15.0,16,Central Hub,2026-05-21T17:28:55.629146004
1166,SOUVENIR_SALE,15.0,19,Central Hub,2026-05-21T17:28:55.629158834
1167,SOUVENIR_SALE,15.0,22,Central Hub,2026-05-21T17:28:55.629176454
1168,SOUVENIR_SALE,15.0,25,Central Hub,2026-05-21T17:28:55.629191608
1169,SOUVENIR_SALE,15.0,26,Central Hub,2026-05-21T17:28:55.629202419
1170,SOUVENIR_SALE,15.0,30,Central Hub,2026-05-21T17:28:55.629216403
1171,SOUVENIR_SALE,15.0,31,Central Hub,2026-05-21T17:28:55.629227826
1172,SOUVENIR_SALE,15.0,32,Central Hub,2026-05-21T17:28:55.629244171
1173,SOUVENIR_SALE,15.0,36,Central Hub,2026-05-21T17:28:55.629259798
1174,SOUVENIR_SALE,15.0,40,Central Hub,2026-05-21T17:28:55.629272921
1175,SOUVENIR_SALE,15.0,41,Central Hub,2026-05-21T17:28:55.629283389
1176,SOUVENIR_SALE,15.0,48,Central Hub,2026-05-21T17:28:55.629297519
1177,SOUVENIR_SALE,15.0,50,Central Hub,2026-05-21T17:28:55.629314098
1178,SOUVENIR_SALE,15.0,1,Central Hub,2026-05-21T17:28:55.629338261
1179,SOUVENIR_SALE,15.0,2,Central Hub,2026-05-21T17:28:55.629352528
1180,SOUVENIR_SALE,15.0,3,Central Hub,2026-05-21T17:28:55.629362774
1181,SOUVENIR_SALE,15.0,7,Central Hub,2026-05-21T17:28:55.629376383
1182,SOUVENIR_SALE,15.0,8,Central Hub,2026-05-21T17:28:55.629390340
1183,SOUVENIR_SALE,15.0,12,Central Hub,2026-05-21T17:28:55.629402902
1184,SOUVENIR_SALE,15.0,13,Central Hub,2026-05-21T17:28:55.629413316
1185,SOUVENIR_SALE,15.0,28,Central Hub,2026-05-21T17:28:55.629429393
1186,SOUVENIR_SALE,15.0,31,Central Hub,2026-05-21T17:28:55.629445125
1187,SOUVENIR_SALE,15.0,32,Central Hub,2026-05-21T17:28:55.629481998
1188,SOUVENIR_SALE,15.0,34,Central Hub,2026-05-21T17:28:55.629528529
1189,SOUVENIR_SALE,15.0,35,Central Hub,2026-05-21T17:28:55.629548680
1190,SOUVENIR_SALE,15.0,36,Central Hub,2026-05-21T17:28:55.629562548
1191,SOUVENIR_SALE,15.0,40,Central Hub,2026-05-21T17:28:55.629601499
1192,SOUVENIR_SALE,15.0,41,Central Hub,2026-05-21T17:28:55.629624276
1193,SOUVENIR_SALE,15.0,42,Central Hub,2026-05-21T17:28:55.629638307
1194,SOUVENIR_SALE,15.0,44,Central Hub,2026-05-21T17:28:55.629655501
1195,SOUVENIR_SALE,15.0,45,Central Hub,2026-05-21T17:28:55.629697407
1196,SOUVENIR_SALE,15.0,46,Central Hub,2026-05-21T17:28:55.629731823
1197,SOUVENIR_SALE,15.0,3,Central Hub,2026-05-21T17:28:55.629783335
1198,SOUVENIR_SALE,15.0,4,Central Hub,2026-05-21T17:28:55.629804251
1199,SOUVENIR_SALE,15.0,6,Central Hub,2026-05-21T17:28:55.629818242
1200,SOUVENIR_SALE,15.0,8,Central Hub,2026-05-21T17:28:55.629831475
1201,SOUVENIR_SALE,15.0,10,Central Hub,2026-05-21T17:28:55.629876757
1202,SOUVENIR_SALE,15.0,13,Central Hub,2026-05-21T17:28:55.629942361
1203,SOUVENIR_SALE,15.0,14,Central Hub,2026-05-21T17:28:55.629985107
1204,SOUVENIR_SALE,15.0,15,Central Hub,2026-05-21T17:28:55.630003684
1205,SOUVENIR_SALE,15.0,21,Central Hub,2026-05-21T17:28:55.630018706
1206,SOUVENIR_SALE,15.0,24,Central Hub,2026-05-21T17:28:55.630032680
1207,SOUVENIR_SALE,15.0,26,Central Hub,2026-05-21T17:28:55.630050205
1208,SOUVENIR_SALE,15.0,29,Central Hub,2026-05-21T17:28:55.630065618
1209,SOUVENIR_SALE,15.0,32,Central Hub,2026-05-21T17:28:55.630100859
1210,SOUVENIR_SALE,15.0,33,Central Hub,2026-05-21T17:28:55.630115623
1211,SOUVENIR_SALE,15.0,34,Central Hub,2026-05-21T17:28:55.630126213
1212,SOUVENIR_SALE,15.0,38,Central Hub,2026-05-21T17:28:55.630180419
1213,SOUVENIR_SALE,15.0,39,Central Hub,2026-05-21T17:28:55.630205885
1214,SOUVENIR_SALE,15.0,44,Central Hub,2026-05-21T17:28:55.630226170
1215,SOUVENIR_SALE,15.0,45,Central Hub,2026-05-21T17:28:55.630280632
1216,SOUVENIR_SALE,15.0,47,Central Hub,2026-05-21T17:28:55.630305115
1217,SOUVENIR_SALE,15.0,48,Central Hub,2026-05-21T17:28:55.630320695
1218,SOUVENIR_SALE,15.0,2,Central Hub,2026-05-21T17:28:55.631073479
1219,SOUVENIR_SALE,15.0,3,Central Hub,2026-05-21T17:28:55.631093181
1220,SOUVENIR_SALE,15.0,4,Central Hub,2026-05-21T17:28:55.631099803
1221,SPA_SERVICE,20.0,6,Bathroom Zone,2026-05-21T17:28:55.631107615
1222,SPA_SERVICE,20.0,8,Bathroom Zone,2026-05-21T17:28:55.631115036
1223,SOUVENIR_SALE,15.0,9,Central Hub,2026-05-21T17:28:55.631120729
1224,SPA_SERVICE,20.0,9,Bathroom Zone,2026-05-21T17:28:55.631129008
1225,SPA_SERVICE,20.0,10,Bathroom Zone,2026-05-21T17:28:55.631136689
1226,SOUVENIR_SALE,15.0,12,Central Hub,2026-05-21T17:28:55.631144984
1227,SOUVENIR_SALE,15.0,13,Central Hub,2026-05-21T17:28:55.631151504
1228,SOUVENIR_SALE,15.0,16,Central Hub,2026-05-21T17:28:55.631161097
1229,SOUVENIR_SALE,15.0,17,Central Hub,2026-05-21T17:28:55.631170676
1230,SOUVENIR_SALE,15.0,23,Central Hub,2026-05-21T17:28:55.631181135
1231,SOUVENIR_SALE,15.0,24,Central Hub,2026-05-21T17:28:55.631191293
1232,SOUVENIR_SALE,15.0,25,Central Hub,2026-05-21T17:28:55.631198240
1233,SOUVENIR_SALE,15.0,26,Central Hub,2026-05-21T17:28:55.631248230
1234,SOUVENIR_SALE,15.0,27,Central Hub,2026-05-21T17:28:55.631262921
1235,SOUVENIR_SALE,15.0,28,Central Hub,2026-05-21T17:28:55.631273012
1236,SOUVENIR_SALE,15.0,29,Central Hub,2026-05-21T17:28:55.631284241
1237,SOUVENIR_SALE,15.0,31,Central Hub,2026-05-21T17:28:55.631292472
1238,SOUVENIR_SALE,15.0,33,Central Hub,2026-05-21T17:28:55.631302632
1239,SOUVENIR_SALE,15.0,35,Central Hub,2026-05-21T17:28:55.631309323
1240,SOUVENIR_SALE,15.0,38,Central Hub,2026-05-21T17:28:55.631315977
1241,SOUVENIR_SALE,15.0,39,Central Hub,2026-05-21T17:28:55.631322005
1242,SOUVENIR_SALE,15.0,40,Central Hub,2026-05-21T17:28:55.631327835
1243,SOUVENIR_SALE,15.0,41,Central Hub,2026-05-21T17:28:55.631333692
1244,SOUVENIR_SALE,15.0,48,Central Hub,2026-05-21T17:28:55.631343159
1245,SOUVENIR_SALE,15.0,49,Central Hub,2026-05-21T17:28:55.631349864
1246,SOUVENIR_SALE,15.0,50,Central Hub,2026-05-21T17:28:55.631357224
1247,SOUVENIR_SALE,15.0,1,Central Hub,2026-05-21T17:28:55.631383957
1248,SOUVENIR_SALE,15.0,2,Central Hub,2026-05-21T17:28:55.631393339
1249,SOUVENIR_SALE,15.0,8,Central Hub,2026-05-21T17:28:55.631399835
1250,SOUVENIR_SALE,15.0,13,Central Hub,2026-05-21T17:28:55.631407281
1251,SOUVENIR_SALE,15.0,14,Central Hub,2026-05-21T17:28:55.631413379
1252,SOUVENIR_SALE,15.0,16,Central Hub,2026-05-21T17:28:55.631420381
1253,SOUVENIR_SALE,15.0,21,Central Hub,2026-05-21T17:28:55.631428399
1254,SOUVENIR_SALE,15.0,22,Central Hub,2026-05-21T17:28:55.631434680
1255,SOUVENIR_SALE,15.0,26,Central Hub,2026-05-21T17:28:55.631441564
1256,SOUVENIR_SALE,15.0,31,Central Hub,2026-05-21T17:28:55.631449564
1257,SOUVENIR_SALE,15.0,32,Central Hub,2026-05-21T17:28:55.631469926
1258,SOUVENIR_SALE,15.0,34,Central Hub,2026-05-21T17:28:55.631476555
1259,SOUVENIR_SALE,15.0,37,Central Hub,2026-05-21T17:28:55.631483114
1260,SOUVENIR_SALE,15.0,41,Central Hub,2026-05-21T17:28:55.631489751
1261,SOUVENIR_SALE,15.0,45,Central Hub,2026-05-21T17:28:55.631497168
1262,SOUVENIR_SALE,15.0,48,Central Hub,2026-05-21T17:28:55.631504269
1263,SOUVENIR_SALE,15.0,1,Central Hub,2026-05-21T17:28:55.631564239
1264,SOUVENIR_SALE,15.0,2,Central Hub,2026-05-21T17:28:55.631570330
1265,SOUVENIR_SALE,15.0,4,Central Hub,2026-05-21T17:28:55.631577633
1266,SOUVENIR_SALE,15.0,7,Central Hub,2026-05-21T17:28:55.631583616
1267,SOUVENIR_SALE,15.0,9,Central Hub,2026-05-21T17:28:55.631591572
1268,SOUVENIR_SALE,15.0,11,Central Hub,2026-05-21T17:28:55.631599964
1269,SOUVENIR_SALE,15.0,12,Central Hub,2026-05-21T17:28:55.631616955
1270,SOUVENIR_SALE,15.0,13,Central Hub,2026-05-21T17:28:55.631623088
1271,SOUVENIR_SALE,15.0,14,Central Hub,2026-05-21T17:28:55.631628921
1272,SOUVENIR_SALE,15.0,17,Central Hub,2026-05-21T17:28:55.631635338
1273,SOUVENIR_SALE,15.0,19,Central Hub,2026-05-21T17:28:55.631640965
1274,SOUVENIR_SALE,15.0,21,Central Hub,2026-05-21T17:28:55.631648992
1275,SOUVENIR_SALE,15.0,24,Central Hub,2026-05-21T17:28:55.631655618
1276,SOUVENIR_SALE,15.0,26,Central Hub,2026-05-21T17:28:55.631661647
1277,SOUVENIR_SALE,15.0,30,Central Hub,2026-05-21T17:28:55.631668592
1278,SOUVENIR_SALE,15.0,31,Central Hub,2026-05-21T17:28:55.631674480
1279,SOUVENIR_SALE,15.0,32,Central Hub,2026-05-21T17:28:55.631682577
1280,SOUVENIR_SALE,15.0,35,Central Hub,2026-05-21T17:28:55.631689843
1281,SOUVENIR_SALE,15.0,37,Central Hub,2026-05-21T17:28:55.631696673
1282,SOUVENIR_SALE,15.0,39,Central Hub,2026-05-21T17:28:55.631706373
1283,SOUVENIR_SALE,15.0,40,Central Hub,2026-05-21T17:28:55.631713640
1284,SOUVENIR_SALE,15.0,45,Central Hub,2026-05-21T17:28:55.631722710
1285,SOUVENIR_SALE,15.0,46,Central Hub,2026-05-21T17:28:55.631728200
1286,SOUVENIR_SALE,15.0,47,Central Hub,2026-05-21T17:28:55.631733359
1287,SOUVENIR_SALE,15.0,49,Central Hub,2026-05-21T17:28:55.631738656
1288,SOUVENIR_SALE,15.0,50,Central Hub,2026-05-21T17:28:55.631743912
1289,SPA_SERVICE,20.0,3,Bathroom Zone,2026-05-21T17:28:55.631764285
1290,SOUVENIR_SALE,15.0,4,Central Hub,2026-05-21T17:28:55.631771525
1291,SOUVENIR_SALE,15.0,5,Central Hub,2026-05-21T17:28:55.631777567
1292,SOUVENIR_SALE,15.0,6,Central Hub,2026-05-21T17:28:55.631787515
1293,SOUVENIR_SALE,15.0,7,Central Hub,2026-05-21T17:28:55.631793249
1294,SPA_SERVICE,20.0,9,Bathroom Zone,2026-05-21T17:28:55.631799096
1295,SOUVENIR_SALE,15.0,11,Central Hub,2026-05-21T17:28:55.631804424
1296,SOUVENIR_SALE,15.0,23,Central Hub,2026-05-21T17:28:55.631811378
1297,SOUVENIR_SALE,15.0,25,Central Hub,2026-05-21T17:28:55.631817933
1298,SOUVENIR_SALE,15.0,26,Central Hub,2026-05-21T17:28:55.631823655
1299,SOUVENIR_SALE,15.0,27,Central Hub,2026-05-21T17:28:55.631828998
1300,SOUVENIR_SALE,15.0,28,Central Hub,2026-05-21T17:28:55.631834125
1301,SOUVENIR_SALE,15.0,33,Central Hub,2026-05-21T17:28:55.631876158
1302,SOUVENIR_SALE,15.0,36,Central Hub,2026-05-21T17:28:55.631885116
1303,SOUVENIR_SALE,15.0,41,Central Hub,2026-05-21T17:28:55.631892099
1304,SOUVENIR_SALE,15.0,42,Central Hub,2026-05-21T17:28:55.631897926
1305,SOUVENIR_SALE,15.0,46,Central Hub,2026-05-21T17:28:55.631904941
1306,SOUVENIR_SALE,15.0,47,Central Hub,2026-05-21T17:28:55.631910953
1307,SOUVENIR_SALE,15.0,1,Central Hub,2026-05-21T17:28:55.631926372
1308,SOUVENIR_SALE,15.0,2,Central Hub,2026-05-21T17:28:55.631935515
1309,SOUVENIR_SALE,15.0,5,Central Hub,2026-05-21T17:28:55.631941799
1310,SOUVENIR_SALE,15.0,10,Central Hub,2026-05-21T17:28:55.631958138
1311,SOUVENIR_SALE,15.0,11,Central Hub,2026-05-21T17:28:55.632053809
1312,SOUVENIR_SALE,15.0,13,Central Hub,2026-05-21T17:28:55.632071455
1313,SOUVENIR_SALE,15.0,15,Central Hub,2026-05-21T17:28:55.632078190
1314,SOUVENIR_SALE,15.0,17,Central Hub,2026-05-21T17:28:55.632084621
1315,SOUVENIR_SALE,15.0,18,Central Hub,2026-05-21T17:28:55.632107267
1316,SOUVENIR_SALE,15.0,19,Central Hub,2026-05-21T17:28:55.632112874
1317,SOUVENIR_SALE,15.0,25,Central Hub,2026-05-21T17:28:55.632292283
1318,SOUVENIR_SALE,15.0,26,Central Hub,2026-05-21T17:28:55.632305948
1319,SOUVENIR_SALE,15.0,31,Central Hub,2026-05-21T17:28:55.632312840
1320,SOUVENIR_SALE,15.0,32,Central Hub,2026-05-21T17:28:55.632319942
1321,SOUVENIR_SALE,15.0,35,Central Hub,2026-05-21T17:28:55.632326991
1322,SOUVENIR_SALE,15.0,37,Central Hub,2026-05-21T17:28:55.632333012
1323,SOUVENIR_SALE,15.0,38,Central Hub,2026-05-21T17:28:55.632338510
1324,SOUVENIR_SALE,15.0,39,Central Hub,2026-05-21T17:28:55.632343660
1325,SOUVENIR_SALE,15.0,48,Central Hub,2026-05-21T17:28:55.632350838
1326,SOUVENIR_SALE,15.0,2,Central Hub,2026-05-21T17:28:55.632377448
1327,SOUVENIR_SALE,15.0,3,Central Hub,2026-05-21T17:28:55.632387254
1328,SOUVENIR_SALE,15.0,8,Central Hub,2026-05-21T17:28:55.632399993
1329,SOUVENIR_SALE,15.0,9,Central Hub,2026-05-21T17:28:55.632406008
1330,SOUVENIR_SALE,15.0,13,Central Hub,2026-05-21T17:28:55.632413707
1331,SOUVENIR_SALE,15.0,14,Central Hub,2026-05-21T17:28:55.632419346
1332,SOUVENIR_SALE,15.0,16,Central Hub,2026-05-21T17:28:55.632425061
1333,SOUVENIR_SALE,15.0,18,Central Hub,2026-05-21T17:28:55.632432083
1334,SOUVENIR_SALE,15.0,24,Central Hub,2026-05-21T17:28:55.632440839
1335,SOUVENIR_SALE,15.0,25,Central Hub,2026-05-21T17:28:55.632451483
1336,SOUVENIR_SALE,15.0,29,Central Hub,2026-05-21T17:28:55.632459091
1337,SOUVENIR_SALE,15.0,34,Central Hub,2026-05-21T17:28:55.632465183
1338,SOUVENIR_SALE,15.0,35,Central Hub,2026-05-21T17:28:55.632473129
1339,SOUVENIR_SALE,15.0,39,Central Hub,2026-05-21T17:28:55.632479206
1340,SOUVENIR_SALE,15.0,41,Central Hub,2026-05-21T17:28:55.632484769
1341,SOUVENIR_SALE,15.0,46,Central Hub,2026-05-21T17:28:55.632492383
1342,SOUVENIR_SALE,15.0,50,Central Hub,2026-05-21T17:28:55.632498646
1343,SOUVENIR_SALE,15.0,1,Central Hub,2026-05-21T17:28:55.632512448
1344,SPA_SERVICE,20.0,1,Bathroom Zone,2026-05-21T17:28:55.632521586
1345,SPA_SERVICE,20.0,2,Bathroom Zone,2026-05-21T17:28:55.632528786
1346,SOUVENIR_SALE,15.0,4,Central Hub,2026-05-21T17:28:55.632535027
1347,SOUVENIR_SALE,15.0,7,Central Hub,2026-05-21T17:28:55.632541477
1348,SOUVENIR_SALE,15.0,8,Central Hub,2026-05-21T17:28:55.632549258
1349,SPA_SERVICE,20.0,9,Bathroom Zone,2026-05-21T17:28:55.632556475
1350,SOUVENIR_SALE,15.0,17,Central Hub,2026-05-21T17:28:55.632563977
1351,SOUVENIR_SALE,15.0,21,Central Hub,2026-05-21T17:28:55.632570851
1352,SOUVENIR_SALE,15.0,28,Central Hub,2026-05-21T17:28:55.632579991
1353,SOUVENIR_SALE,15.0,31,Central Hub,2026-05-21T17:28:55.632587073
1354,SOUVENIR_SALE,15.0,32,Central Hub,2026-05-21T17:28:55.632595305
1355,SOUVENIR_SALE,15.0,33,Central Hub,2026-05-21T17:28:55.632601931
1356,SOUVENIR_SALE,15.0,36,Central Hub,2026-05-21T17:28:55.632608392
1357,SOUVENIR_SALE,15.0,41,Central Hub,2026-05-21T17:28:55.632616926
1358,SOUVENIR_SALE,15.0,42,Central Hub,2026-05-21T17:28:55.632622785
1359,SOUVENIR_SALE,15.0,47,Central Hub,2026-05-21T17:28:55.632629504
1360,SOUVENIR_SALE,15.0,48,Central Hub,2026-05-21T17:28:55.632636013
1361,SOUVENIR_SALE,15.0,50,Central Hub,2026-05-21T17:28:55.632641826
1362,SOUVENIR_SALE,15.0,2,Central Hub,2026-05-21T17:28:55.632652955
1363,SOUVENIR_SALE,15.0,9,Central Hub,2026-05-21T17:28:55.632662626
1364,SOUVENIR_SALE,15.0,10,Central Hub,2026-05-21T17:28:55.632668018
1365,SOUVENIR_SALE,15.0,11,Central Hub,2026-05-21T17:28:55.632673381
1366,SOUVENIR_SALE,15.0,13,Central Hub,2026-05-21T17:28:55.632679035
1367,SOUVENIR_SALE,15.0,14,Central Hub,2026-05-21T17:28:55.632686300
1368,SOUVENIR_SALE,15.0,16,Central Hub,2026-05-21T17:28:55.632692388
1369,SOUVENIR_SALE,15.0,21,Central Hub,2026-05-21T17:28:55.632698603
1370,SOUVENIR_SALE,15.0,22,Central Hub,2026-05-21T17:28:55.632705065
1371,SOUVENIR_SALE,15.0,24,Central Hub,2026-05-21T17:28:55.632715355
1372,SOUVENIR_SALE,15.0,28,Central Hub,2026-05-21T17:28:55.632725437
1373,SOUVENIR_SALE,15.0,32,Central Hub,2026-05-21T17:28:55.632731990
1374,SOUVENIR_SALE,15.0,33,Central Hub,2026-05-21T17:28:55.632737770
1375,SOUVENIR_SALE,15.0,34,Central Hub,2026-05-21T17:28:55.632743088
1376,SOUVENIR_SALE,15.0,35,Central Hub,2026-05-21T17:28:55.632748554
1377,SOUVENIR_SALE,15.0,36,Central Hub,2026-05-21T17:28:55.632754924
1378,SOUVENIR_SALE,15.0,40,Central Hub,2026-05-21T17:28:55.632761202
1379,SOUVENIR_SALE,15.0,41,Central Hub,2026-05-21T17:28:55.632766679
1380,SOUVENIR_SALE,15.0,44,Central Hub,2026-05-21T17:28:55.632772866
1381,SOUVENIR_SALE,15.0,46,Central Hub,2026-05-21T17:28:55.632782557
1382,SOUVENIR_SALE,15.0,47,Central Hub,2026-05-21T17:28:55.632790621
1383,SOUVENIR_SALE,15.0,1,Central Hub,2026-05-21T17:28:55.632802008
1384,SOUVENIR_SALE,15.0,2,Central Hub,2026-05-21T17:28:55.632809948
1385,SOUVENIR_SALE,15.0,5,Central Hub,2026-05-21T17:28:55.632817374
1386,SOUVENIR_SALE,15.0,7,Central Hub,2026-05-21T17:28:55.632823857
1387,SOUVENIR_SALE,15.0,13,Central Hub,2026-05-21T17:28:55.632829956
1388,SOUVENIR_SALE,15.0,14,Central Hub,2026-05-21T17:28:55.632839281
1389,SOUVENIR_SALE,15.0,16,Central Hub,2026-05-21T17:28:55.632846981
1390,SOUVENIR_SALE,15.0,24,Central Hub,2026-05-21T17:28:55.632853813
1391,SOUVENIR_SALE,15.0,26,Central Hub,2026-05-21T17:28:55.632859987
1392,SOUVENIR_SALE,15.0,29,Central Hub,2026-05-21T17:28:55.632867812
1393,SOUVENIR_SALE,15.0,34,Central Hub,2026-05-21T17:28:55.632877724
1394,SOUVENIR_SALE,15.0,36,Central Hub,2026-05-21T17:28:55.632885016
1395,SOUVENIR_SALE,15.0,44,Central Hub,2026-05-21T17:28:55.632894680
1396,SOUVENIR_SALE,15.0,45,Central Hub,2026-05-21T17:28:55.632900847
1397,SOUVENIR_SALE,15.0,1,Central Hub,2026-05-21T17:28:55.632915545
1398,SOUVENIR_SALE,15.0,3,Central Hub,2026-05-21T17:28:55.632925801
1399,SOUVENIR_SALE,15.0,5,Central Hub,2026-05-21T17:28:55.632931718
1400,SOUVENIR_SALE,15.0,7,Central Hub,2026-05-21T17:28:55.632937355
1401,SPA_SERVICE,20.0,8,Bathroom Zone,2026-05-21T17:28:55.632944293
1402,SPA_SERVICE,20.0,10,Bathroom Zone,2026-05-21T17:28:55.632955161
1403,SOUVENIR_SALE,15.0,11,Central Hub,2026-05-21T17:28:55.633185839
1404,SOUVENIR_SALE,15.0,16,Central Hub,2026-05-21T17:28:55.633419725
1405,SOUVENIR_SALE,15.0,18,Central Hub,2026-05-21T17:28:55.633457249
1406,SOUVENIR_SALE,15.0,21,Central Hub,2026-05-21T17:28:55.633473493
1407,SOUVENIR_SALE,15.0,22,Central Hub,2026-05-21T17:28:55.633518799
1408,SOUVENIR_SALE,15.0,24,Central Hub,2026-05-21T17:28:55.633550034
1409,SOUVENIR_SALE,15.0,25,Central Hub,2026-05-21T17:28:55.633630345
1410,SOUVENIR_SALE,15.0,27,Central Hub,2026-05-21T17:28:55.633728336
1411,SOUVENIR_SALE,15.0,28,Central Hub,2026-05-21T17:28:55.633843523
1412,SOUVENIR_SALE,15.0,35,Central Hub,2026-05-21T17:28:55.633894069
1413,SOUVENIR_SALE,15.0,36,Central Hub,2026-05-21T17:28:55.633980925
1414,SOUVENIR_SALE,15.0,37,Central Hub,2026-05-21T17:28:55.634081133
1415,SOUVENIR_SALE,15.0,38,Central Hub,2026-05-21T17:28:55.634161294
1416,SOUVENIR_SALE,15.0,39,Central Hub,2026-05-21T17:28:55.634215401
1417,SOUVENIR_SALE,15.0,42,Central Hub,2026-05-21T17:28:55.634288105
1418,SOUVENIR_SALE,15.0,43,Central Hub,2026-05-21T17:28:55.634410985
1419,SOUVENIR_SALE,15.0,46,Central Hub,2026-05-21T17:28:55.634471333
1420,SOUVENIR_SALE,15.0,1,Central Hub,2026-05-21T17:28:55.634570507
1421,SOUVENIR_SALE,15.0,2,Central Hub,2026-05-21T17:28:55.634609540
1422,SOUVENIR_SALE,15.0,6,Central Hub,2026-05-21T17:28:55.634733467
1423,SOUVENIR_SALE,15.0,17,Central Hub,2026-05-21T17:28:55.634820178
1424,SOUVENIR_SALE,15.0,19,Central Hub,2026-05-21T17:28:55.634858214
1425,SOUVENIR_SALE,15.0,22,Central Hub,2026-05-21T17:28:55.634934146
1426,SOUVENIR_SALE,15.0,23,Central Hub,2026-05-21T17:28:55.635024254
1427,SOUVENIR_SALE,15.0,24,Central Hub,2026-05-21T17:28:55.635206068
1428,SOUVENIR_SALE,15.0,36,Central Hub,2026-05-21T17:28:55.635259431
1429,SOUVENIR_SALE,15.0,39,Central Hub,2026-05-21T17:28:55.635268348
1430,SOUVENIR_SALE,15.0,40,Central Hub,2026-05-21T17:28:55.635273756
1431,SOUVENIR_SALE,15.0,46,Central Hub,2026-05-21T17:28:55.635280616
1432,SOUVENIR_SALE,15.0,47,Central Hub,2026-05-21T17:28:55.635286934
1433,SOUVENIR_SALE,15.0,48,Central Hub,2026-05-21T17:28:55.635292113
1434,SOUVENIR_SALE,15.0,49,Central Hub,2026-05-21T17:28:55.635297085
1435,SOUVENIR_SALE,15.0,50,Central Hub,2026-05-21T17:28:55.635303181
1436,SOUVENIR_SALE,15.0,2,Central Hub,2026-05-21T17:28:55.635345442
1437,SOUVENIR_SALE,15.0,5,Central Hub,2026-05-21T17:28:55.635352457
1438,SOUVENIR_SALE,15.0,8,Central Hub,2026-05-21T17:28:55.635358353
1439,SOUVENIR_SALE,15.0,9,Central Hub,2026-05-21T17:28:55.635363612
1440,SOUVENIR_SALE,15.0,12,Central Hub,2026-05-21T17:28:55.635369400
1441,SOUVENIR_SALE,15.0,15,Central Hub,2026-05-21T17:28:55.635382880
1442,SOUVENIR_SALE,15.0,16,Central Hub,2026-05-21T17:28:55.635389795
1443,SOUVENIR_SALE,15.0,17,Central Hub,2026-05-21T17:28:55.635395182
1444,SOUVENIR_SALE,15.0,18,Central Hub,2026-05-21T17:28:55.635400152
1445,SOUVENIR_SALE,15.0,19,Central Hub,2026-05-21T17:28:55.635405106
1446,SOUVENIR_SALE,15.0,21,Central Hub,2026-05-21T17:28:55.635410259
1447,SOUVENIR_SALE,15.0,22,Central Hub,2026-05-21T17:28:55.635425584
1448,SOUVENIR_SALE,15.0,29,Central Hub,2026-05-21T17:28:55.635434161
1449,SOUVENIR_SALE,15.0,33,Central Hub,2026-05-21T17:28:55.635441904
1450,SOUVENIR_SALE,15.0,34,Central Hub,2026-05-21T17:28:55.635447958
1451,SOUVENIR_SALE,15.0,37,Central Hub,2026-05-21T17:28:55.635453533
1452,SOUVENIR_SALE,15.0,39,Central Hub,2026-05-21T17:28:55.635458878
1453,SOUVENIR_SALE,15.0,44,Central Hub,2026-05-21T17:28:55.635474670
1454,SOUVENIR_SALE,15.0,46,Central Hub,2026-05-21T17:28:55.635480784
1455,SOUVENIR_SALE,15.0,47,Central Hub,2026-05-21T17:28:55.635487509
1456,SOUVENIR_SALE,15.0,48,Central Hub,2026-05-21T17:28:55.635494498
1457,SOUVENIR_SALE,15.0,49,Central Hub,2026-05-21T17:28:55.635500687
1458,SOUVENIR_SALE,15.0,2,Central Hub,2026-05-21T17:28:55.635525624
1459,SPA_SERVICE,20.0,2,Bathroom Zone,2026-05-21T17:28:55.635553274
1460,SOUVENIR_SALE,15.0,3,Central Hub,2026-05-21T17:28:55.635564325
1461,SPA_SERVICE,20.0,3,Bathroom Zone,2026-05-21T17:28:55.635570151
1462,SPA_SERVICE,20.0,4,Bathroom Zone,2026-05-21T17:28:55.635576152
1463,SOUVENIR_SALE,15.0,5,Central Hub,2026-05-21T17:28:55.635581454
1464,SPA_SERVICE,20.0,5,Bathroom Zone,2026-05-21T17:28:55.635586865
1465,SOUVENIR_SALE,15.0,6,Central Hub,2026-05-21T17:28:55.635592435
1466,SPA_SERVICE,20.0,8,Bathroom Zone,2026-05-21T17:28:55.635599872
1467,SOUVENIR_SALE,15.0,12,Central Hub,2026-05-21T17:28:55.635608208
1468,SOUVENIR_SALE,15.0,13,Central Hub,2026-05-21T17:28:55.635627395
1469,SOUVENIR_SALE,15.0,14,Central Hub,2026-05-21T17:28:55.635633874
1470,SOUVENIR_SALE,15.0,15,Central Hub,2026-05-21T17:28:55.635639779
1471,SOUVENIR_SALE,15.0,22,Central Hub,2026-05-21T17:28:55.635646769
1472,SOUVENIR_SALE,15.0,23,Central Hub,2026-05-21T17:28:55.635652598
1473,SOUVENIR_SALE,15.0,24,Central Hub,2026-05-21T17:28:55.635659464
1474,SOUVENIR_SALE,15.0,25,Central Hub,2026-05-21T17:28:55.635680578
1475,SOUVENIR_SALE,15.0,28,Central Hub,2026-05-21T17:28:55.635690226
1476,SOUVENIR_SALE,15.0,31,Central Hub,2026-05-21T17:28:55.635699204
1477,SOUVENIR_SALE,15.0,35,Central Hub,2026-05-21T17:28:55.635719395
1478,SOUVENIR_SALE,15.0,37,Central Hub,2026-05-21T17:28:55.635728092
1479,SOUVENIR_SALE,15.0,38,Central Hub,2026-05-21T17:28:55.635734540
1480,SOUVENIR_SALE,15.0,39,Central Hub,2026-05-21T17:28:55.635740369
1481,SOUVENIR_SALE,15.0,40,Central Hub,2026-05-21T17:28:55.635745707
1482,SOUVENIR_SALE,15.0,42,Central Hub,2026-05-21T17:28:55.635751271
1483,SOUVENIR_SALE,15.0,43,Central Hub,2026-05-21T17:28:55.635756691
1484,SOUVENIR_SALE,15.0,49,Central Hub,2026-05-21T17:28:55.635764773
1485,SOUVENIR_SALE,15.0,50,Central Hub,2026-05-21T17:28:55.635770143
1486,SOUVENIR_SALE,15.0,1,Central Hub,2026-05-21T17:28:55.635783886
1487,SOUVENIR_SALE,15.0,4,Central Hub,2026-05-21T17:28:55.635805121
1488,SOUVENIR_SALE,15.0,9,Central Hub,2026-05-21T17:28:55.635824576
1489,SOUVENIR_SALE,15.0,12,Central Hub,2026-05-21T17:28:55.635831894
1490,SOUVENIR_SALE,15.0,13,Central Hub,2026-05-21T17:28:55.635843613
1491,SOUVENIR_SALE,15.0,17,Central Hub,2026-05-21T17:28:55.635852411
1492,SOUVENIR_SALE,15.0,19,Central Hub,2026-05-21T17:28:55.635859873
1493,SOUVENIR_SALE,15.0,22,Central Hub,2026-05-21T17:28:55.635865426
1494,SOUVENIR_SALE,15.0,24,Central Hub,2026-05-21T17:28:55.635881123
1495,SOUVENIR_SALE,15.0,30,Central Hub,2026-05-21T17:28:55.635892647
1496,SOUVENIR_SALE,15.0,31,Central Hub,2026-05-21T17:28:55.635899469
1497,SOUVENIR_SALE,15.0,35,Central Hub,2026-05-21T17:28:55.635905366
1498,SOUVENIR_SALE,15.0,36,Central Hub,2026-05-21T17:28:55.635910777
1499,SOUVENIR_SALE,15.0,37,Central Hub,2026-05-21T17:28:55.635916130
1500,SOUVENIR_SALE,15.0,44,Central Hub,2026-05-21T17:28:55.635922881
1501,SOUVENIR_SALE,15.0,45,Central Hub,2026-05-21T17:28:55.635927910
1502,SOUVENIR_SALE,15.0,48,Central Hub,2026-05-21T17:28:55.635935181
1503,SOUVENIR_SALE,15.0,50,Central Hub,2026-05-21T17:28:55.635942346
1504,SOUVENIR_SALE,15.0,2,Central Hub,2026-05-21T17:28:55.635977467
1505,SOUVENIR_SALE,15.0,11,Central Hub,2026-05-21T17:28:55.635985515
1506,SOUVENIR_SALE,15.0,13,Central Hub,2026-05-21T17:28:55.635991226
1507,SOUVENIR_SALE,15.0,14,Central Hub,2026-05-21T17:28:55.636001866
1508,SOUVENIR_SALE,15.0,16,Central Hub,2026-05-21T17:28:55.636007889
1509,SOUVENIR_SALE,15.0,18,Central Hub,2026-05-21T17:28:55.636014217
1510,SOUVENIR_SALE,15.0,21,Central Hub,2026-05-21T17:28:55.636020025
1511,SOUVENIR_SALE,15.0,22,Central Hub,2026-05-21T17:28:55.636026192
1512,SOUVENIR_SALE,15.0,23,Central Hub,2026-05-21T17:28:55.636031581
1513,SOUVENIR_SALE,15.0,24,Central Hub,2026-05-21T17:28:55.636038010
1514,SOUVENIR_SALE,15.0,25,Central Hub,2026-05-21T17:28:55.636043140
1515,SOUVENIR_SALE,15.0,26,Central Hub,2026-05-21T17:28:55.636048129
1516,SOUVENIR_SALE,15.0,27,Central Hub,2026-05-21T17:28:55.636053269
1517,SOUVENIR_SALE,15.0,29,Central Hub,2026-05-21T17:28:55.636058476
1518,SOUVENIR_SALE,15.0,30,Central Hub,2026-05-21T17:28:55.636063920
1519,SOUVENIR_SALE,15.0,31,Central Hub,2026-05-21T17:28:55.636069086
1520,SOUVENIR_SALE,15.0,32,Central Hub,2026-05-21T17:28:55.636074232
1521,SOUVENIR_SALE,15.0,36,Central Hub,2026-05-21T17:28:55.636079852
1522,SOUVENIR_SALE,15.0,39,Central Hub,2026-05-21T17:28:55.636085469
1523,SOUVENIR_SALE,15.0,42,Central Hub,2026-05-21T17:28:55.636156998
1524,SOUVENIR_SALE,15.0,43,Central Hub,2026-05-21T17:28:55.636169479
1525,SOUVENIR_SALE,15.0,44,Central Hub,2026-05-21T17:28:55.636175804
1526,SOUVENIR_SALE,15.0,47,Central Hub,2026-05-21T17:28:55.636181625
1527,SOUVENIR_SALE,15.0,48,Central Hub,2026-05-21T17:28:55.636188824
1528,SPA_SERVICE,20.0,1,Bathroom Zone,2026-05-21T17:28:55.636210282
1529,SOUVENIR_SALE,15.0,2,Central Hub,2026-05-21T17:28:55.636216971
1530,SOUVENIR_SALE,15.0,3,Central Hub,2026-05-21T17:28:55.636224462
1531,SOUVENIR_SALE,15.0,4,Central Hub,2026-05-21T17:28:55.636230195
1532,SOUVENIR_SALE,15.0,5,Central Hub,2026-05-21T17:28:55.636236675
1533,SOUVENIR_SALE,15.0,7,Central Hub,2026-05-21T17:28:55.636243693
1534,SOUVENIR_SALE,15.0,9,Central Hub,2026-05-21T17:28:55.636250621
1535,SOUVENIR_SALE,15.0,12,Central Hub,2026-05-21T17:28:55.636257219
1536,SOUVENIR_SALE,15.0,23,Central Hub,2026-05-21T17:28:55.636265089
1537,SOUVENIR_SALE,15.0,29,Central Hub,2026-05-21T17:28:55.636271625
1538,SOUVENIR_SALE,15.0,30,Central Hub,2026-05-21T17:28:55.636277516
1539,SOUVENIR_SALE,15.0,41,Central Hub,2026-05-21T17:28:55.636285277
1540,SOUVENIR_SALE,15.0,42,Central Hub,2026-05-21T17:28:55.636291555
1541,SOUVENIR_SALE,15.0,43,Central Hub,2026-05-21T17:28:55.636298812
1542,SOUVENIR_SALE,15.0,45,Central Hub,2026-05-21T17:28:55.636307847
1543,SOUVENIR_SALE,15.0,46,Central Hub,2026-05-21T17:28:55.636313644
1544,SOUVENIR_SALE,15.0,49,Central Hub,2026-05-21T17:28:55.636319389
1545,SOUVENIR_SALE,15.0,1,Central Hub,2026-05-21T17:28:55.636329127
1546,SOUVENIR_SALE,15.0,2,Central Hub,2026-05-21T17:28:55.636334677
1547,SOUVENIR_SALE,15.0,9,Central Hub,2026-05-21T17:28:55.636341827
1548,SOUVENIR_SALE,15.0,10,Central Hub,2026-05-21T17:28:55.636347676
1549,SOUVENIR_SALE,15.0,12,Central Hub,2026-05-21T17:28:55.636353775
1550,SOUVENIR_SALE,15.0,13,Central Hub,2026-05-21T17:28:55.636360296
1551,SOUVENIR_SALE,15.0,16,Central Hub,2026-05-21T17:28:55.636365869
1552,SOUVENIR_SALE,15.0,18,Central Hub,2026-05-21T17:28:55.636371911
1553,SOUVENIR_SALE,15.0,19,Central Hub,2026-05-21T17:28:55.636381797
1554,SOUVENIR_SALE,15.0,21,Central Hub,2026-05-21T17:28:55.636387758
1555,SOUVENIR_SALE,15.0,25,Central Hub,2026-05-21T17:28:55.636393698
1556,SOUVENIR_SALE,15.0,27,Central Hub,2026-05-21T17:28:55.636399457
1557,SOUVENIR_SALE,15.0,29,Central Hub,2026-05-21T17:28:55.636404699
1558,SOUVENIR_SALE,15.0,30,Central Hub,2026-05-21T17:28:55.636410541
1559,SOUVENIR_SALE,15.0,33,Central Hub,2026-05-21T17:28:55.636417017
1560,SOUVENIR_SALE,15.0,34,Central Hub,2026-05-21T17:28:55.636422832
1561,SOUVENIR_SALE,15.0,36,Central Hub,2026-05-21T17:28:55.636428898
1562,SOUVENIR_SALE,15.0,40,Central Hub,2026-05-21T17:28:55.636435306
1563,SOUVENIR_SALE,15.0,41,Central Hub,2026-05-21T17:28:55.636440946
1564,SOUVENIR_SALE,15.0,44,Central Hub,2026-05-21T17:28:55.636446521
1565,SOUVENIR_SALE,15.0,45,Central Hub,2026-05-21T17:28:55.636452385
1566,SOUVENIR_SALE,15.0,50,Central Hub,2026-05-21T17:28:55.636490561
1567,SOUVENIR_SALE,15.0,1,Central Hub,2026-05-21T17:28:55.636502434
1568,SOUVENIR_SALE,15.0,2,Central Hub,2026-05-21T17:28:55.636509810
1569,SOUVENIR_SALE,15.0,3,Central Hub,2026-05-21T17:28:55.636515882
1570,SOUVENIR_SALE,15.0,4,Central Hub,2026-05-21T17:28:55.636521244
1571,SOUVENIR_SALE,15.0,8,Central Hub,2026-05-21T17:28:55.636527445
1572,SOUVENIR_SALE,15.0,11,Central Hub,2026-05-21T17:28:55.636533111
1573,SOUVENIR_SALE,15.0,14,Central Hub,2026-05-21T17:28:55.636538582
1574,SOUVENIR_SALE,15.0,16,Central Hub,2026-05-21T17:28:55.636543905
1575,SOUVENIR_SALE,15.0,21,Central Hub,2026-05-21T17:28:55.636551883
1576,SOUVENIR_SALE,15.0,22,Central Hub,2026-05-21T17:28:55.636557341
1577,SOUVENIR_SALE,15.0,23,Central Hub,2026-05-21T17:28:55.636562730
1578,SOUVENIR_SALE,15.0,24,Central Hub,2026-05-21T17:28:55.636567877
1579,SOUVENIR_SALE,15.0,26,Central Hub,2026-05-21T17:28:55.636573258
1580,SOUVENIR_SALE,15.0,27,Central Hub,2026-05-21T17:28:55.636578886
1581,SOUVENIR_SALE,15.0,33,Central Hub,2026-05-21T17:28:55.636585050
1582,SOUVENIR_SALE,15.0,35,Central Hub,2026-05-21T17:28:55.636590290
1583,SOUVENIR_SALE,15.0,42,Central Hub,2026-05-21T17:28:55.636599523
1584,SOUVENIR_SALE,15.0,43,Central Hub,2026-05-21T17:28:55.636604913
1585,SOUVENIR_SALE,15.0,44,Central Hub,2026-05-21T17:28:55.636610369
1586,SOUVENIR_SALE,15.0,49,Central Hub,2026-05-21T17:28:55.636616063
1587,SOUVENIR_SALE,15.0,50,Central Hub,2026-05-21T17:28:55.636621837
1588,SOUVENIR_SALE,15.0,4,Central Hub,2026-05-21T17:28:55.636648233
1589,SOUVENIR_SALE,15.0,6,Central Hub,2026-05-21T17:28:55.636657786
1590,SOUVENIR_SALE,15.0,10,Central Hub,2026-05-21T17:28:55.636664833
1591,SOUVENIR_SALE,15.0,12,Central Hub,2026-05-21T17:28:55.636671008
1592,SOUVENIR_SALE,15.0,13,Central Hub,2026-05-21T17:28:55.636676640
1593,SOUVENIR_SALE,15.0,14,Central Hub,2026-05-21T17:28:55.636682452
1594,SOUVENIR_SALE,15.0,17,Central Hub,2026-05-21T17:28:55.636687915
1595,SOUVENIR_SALE,15.0,22,Central Hub,2026-05-21T17:28:55.636693709
1596,SOUVENIR_SALE,15.0,25,Central Hub,2026-05-21T17:28:55.636701521
1597,SOUVENIR_SALE,15.0,30,Central Hub,2026-05-21T17:28:55.636707474
1598,SOUVENIR_SALE,15.0,33,Central Hub,2026-05-21T17:28:55.636712946
1599,SOUVENIR_SALE,15.0,35,Central Hub,2026-05-21T17:28:55.636718211
1600,SOUVENIR_SALE,15.0,36,Central Hub,2026-05-21T17:28:55.636723260
1601,SOUVENIR_SALE,15.0,38,Central Hub,2026-05-21T17:28:55.636728546
1602,SOUVENIR_SALE,15.0,39,Central Hub,2026-05-21T17:28:55.636733573
1603,SOUVENIR_SALE,15.0,40,Central Hub,2026-05-21T17:28:55.636738724
1604,SOUVENIR_SALE,15.0,41,Central Hub,2026-05-21T17:28:55.636744468
1605,SOUVENIR_SALE,15.0,42,Central Hub,2026-05-21T17:28:55.636749791
1606,SOUVENIR_SALE,15.0,48,Central Hub,2026-05-21T17:28:55.636772852
1607,SOUVENIR_SALE,15.0,50,Central Hub,2026-05-21T17:28:55.636784389
1608,SOUVENIR_SALE,15.0,1,Central Hub,2026-05-21T17:28:55.636798201
1609,SOUVENIR_SALE,15.0,5,Central Hub,2026-05-21T17:28:55.636804919
1610,SOUVENIR_SALE,15.0,7,Central Hub,2026-05-21T17:28:55.636812171
1611,SOUVENIR_SALE,15.0,9,Central Hub,2026-05-21T17:28:55.636817526
1612,SOUVENIR_SALE,15.0,12,Central Hub,2026-05-21T17:28:55.636823189
1613,SOUVENIR_SALE,15.0,13,Central Hub,2026-05-21T17:28:55.636828082
1614,SOUVENIR_SALE,15.0,14,Central Hub,2026-05-21T17:28:55.636834640
1615,SOUVENIR_SALE,15.0,18,Central Hub,2026-05-21T17:28:55.636840189
1616,SOUVENIR_SALE,15.0,21,Central Hub,2026-05-21T17:28:55.636846051
1617,SOUVENIR_SALE,15.0,22,Central Hub,2026-05-21T17:28:55.636851992
1618,SOUVENIR_SALE,15.0,23,Central Hub,2026-05-21T17:28:55.636858552
1619,SOUVENIR_SALE,15.0,25,Central Hub,2026-05-21T17:28:55.636865108
1620,SOUVENIR_SALE,15.0,26,Central Hub,2026-05-21T17:28:55.636872039
1621,SOUVENIR_SALE,15.0,28,Central Hub,2026-05-21T17:28:55.636877616
1622,SOUVENIR_SALE,15.0,29,Central Hub,2026-05-21T17:28:55.636883358
1623,SOUVENIR_SALE,15.0,30,Central Hub,2026-05-21T17:28:55.636888583
1624,SOUVENIR_SALE,15.0,31,Central Hub,2026-05-21T17:28:55.636893505
1625,SOUVENIR_SALE,15.0,32,Central Hub,2026-05-21T17:28:55.636900180
1626,SOUVENIR_SALE,15.0,34,Central Hub,2026-05-21T17:28:55.636908924
1627,SOUVENIR_SALE,15.0,36,Central Hub,2026-05-21T17:28:55.636914525
1628,SOUVENIR_SALE,15.0,37,Central Hub,2026-05-21T17:28:55.636919451
1629,SOUVENIR_SALE,15.0,40,Central Hub,2026-05-21T17:28:55.636925742
1630,SOUVENIR_SALE,15.0,44,Central Hub,2026-05-21T17:28:55.636931796
1631,SOUVENIR_SALE,15.0,48,Central Hub,2026-05-21T17:28:55.636938146
1632,SOUVENIR_SALE,15.0,50,Central Hub,2026-05-21T17:28:55.636944841
1633,SOUVENIR_SALE,15.0,5,Central Hub,2026-05-21T17:28:55.636955752
1634,SOUVENIR_SALE,15.0,6,Central Hub,2026-05-21T17:28:55.636964490
1635,SOUVENIR_SALE,15.0,9,Central Hub,2026-05-21T17:28:55.636970708
1636,SOUVENIR_SALE,15.0,11,Central Hub,2026-05-21T17:28:55.636977896
1637,SOUVENIR_SALE,15.0,12,Central Hub,2026-05-21T17:28:55.636984725
1638,SOUVENIR_SALE,15.0,15,Central Hub,2026-05-21T17:28:55.636990471
1639,SOUVENIR_SALE,15.0,19,Central Hub,2026-05-21T17:28:55.636998979
1640,SOUVENIR_SALE,15.0,23,Central Hub,2026-05-21T17:28:55.637004684
1641,SOUVENIR_SALE,15.0,30,Central Hub,2026-05-21T17:28:55.637011246
1642,SOUVENIR_SALE,15.0,31,Central Hub,2026-05-21T17:28:55.637016316
1643,SOUVENIR_SALE,15.0,34,Central Hub,2026-05-21T17:28:55.637022226
1644,SOUVENIR_SALE,15.0,37,Central Hub,2026-05-21T17:28:55.637027894
1645,SOUVENIR_SALE,15.0,38,Central Hub,2026-05-21T17:28:55.637033088
1646,SOUVENIR_SALE,15.0,39,Central Hub,2026-05-21T17:28:55.637038659
1647,SOUVENIR_SALE,15.0,40,Central Hub,2026-05-21T17:28:55.637044065
1648,SOUVENIR_SALE,15.0,42,Central Hub,2026-05-21T17:28:55.637049371
1649,SOUVENIR_SALE,15.0,43,Central Hub,2026-05-21T17:28:55.637054409
1650,SOUVENIR_SALE,15.0,44,Central Hub,2026-05-21T17:28:55.637060523
1651,SOUVENIR_SALE,15.0,49,Central Hub,2026-05-21T17:28:55.637068180
1652,SPA_SERVICE,20.0,1,Bathroom Zone,2026-05-21T17:28:55.637080489
1653,SOUVENIR_SALE,15.0,3,Central Hub,2026-05-21T17:28:55.637093496
1654,SPA_SERVICE,20.0,7,Bathroom Zone,2026-05-21T17:28:55.637100553
1655,SPA_SERVICE,20.0,9,Bathroom Zone,2026-05-21T17:28:55.637106933
1656,SOUVENIR_SALE,15.0,10,Central Hub,2026-05-21T17:28:55.637112203
1657,SOUVENIR_SALE,15.0,13,Central Hub,2026-05-21T17:28:55.637118969
1658,SOUVENIR_SALE,15.0,19,Central Hub,2026-05-21T17:28:55.637127251
1659,SOUVENIR_SALE,15.0,22,Central Hub,2026-05-21T17:28:55.637132904
1660,SOUVENIR_SALE,15.0,29,Central Hub,2026-05-21T17:28:55.637139234
1661,SOUVENIR_SALE,15.0,30,Central Hub,2026-05-21T17:28:55.637144409
1662,SOUVENIR_SALE,15.0,31,Central Hub,2026-05-21T17:28:55.637149550
1663,SOUVENIR_SALE,15.0,36,Central Hub,2026-05-21T17:28:55.637155883
1664,SOUVENIR_SALE,15.0,39,Central Hub,2026-05-21T17:28:55.637162318
1665,SOUVENIR_SALE,15.0,42,Central Hub,2026-05-21T17:28:55.637168908
1666,SOUVENIR_SALE,15.0,43,Central Hub,2026-05-21T17:28:55.637175194
1667,SOUVENIR_SALE,15.0,44,Central Hub,2026-05-21T17:28:55.637180307
1668,SOUVENIR_SALE,15.0,45,Central Hub,2026-05-21T17:28:55.637185359
1669,SOUVENIR_SALE,15.0,48,Central Hub,2026-05-21T17:28:55.637190781
1670,SOUVENIR_SALE,15.0,49,Central Hub,2026-05-21T17:28:55.637195795
1671,SOUVENIR_SALE,15.0,2,Central Hub,2026-05-21T17:28:55.637212767
1672,SOUVENIR_SALE,15.0,3,Central Hub,2026-05-21T17:28:55.637218530
1673,SOUVENIR_SALE,15.0,5,Central Hub,2026-05-21T17:28:55.637224536
1674,SOUVENIR_SALE,15.0,6,Central Hub,2026-05-21T17:28:55.637232116
1675,SOUVENIR_SALE,15.0,7,Central Hub,2026-05-21T17:28:55.637241921
1676,SOUVENIR_SALE,15.0,9,Central Hub,2026-05-21T17:28:55.637247594
1677,SOUVENIR_SALE,15.0,14,Central Hub,2026-05-21T17:28:55.637254549
1678,SOUVENIR_SALE,15.0,16,Central Hub,2026-05-21T17:28:55.637261154
1679,SOUVENIR_SALE,15.0,18,Central Hub,2026-05-21T17:28:55.637270426
1680,SOUVENIR_SALE,15.0,19,Central Hub,2026-05-21T17:28:55.637276664
1681,SOUVENIR_SALE,15.0,21,Central Hub,2026-05-21T17:28:55.637281987
1682,SOUVENIR_SALE,15.0,28,Central Hub,2026-05-21T17:28:55.637289203
1683,SOUVENIR_SALE,15.0,34,Central Hub,2026-05-21T17:28:55.637297712
1684,SOUVENIR_SALE,15.0,35,Central Hub,2026-05-21T17:28:55.637304205
1685,SOUVENIR_SALE,15.0,38,Central Hub,2026-05-21T17:28:55.637310386
1686,SOUVENIR_SALE,15.0,39,Central Hub,2026-05-21T17:28:55.637318841
1687,SOUVENIR_SALE,15.0,41,Central Hub,2026-05-21T17:28:55.637326983
1688,SOUVENIR_SALE,15.0,45,Central Hub,2026-05-21T17:28:55.637332736
1689,SOUVENIR_SALE,15.0,47,Central Hub,2026-05-21T17:28:55.637338290
1690,SOUVENIR_SALE,15.0,49,Central Hub,2026-05-21T17:28:55.637345639
1691,SOUVENIR_SALE,15.0,50,Central Hub,2026-05-21T17:28:55.637351310
1692,SOUVENIR_SALE,15.0,3,Central Hub,2026-05-21T17:28:55.637360579
1693,SOUVENIR_SALE,15.0,5,Central Hub,2026-05-21T17:28:55.637367003
1694,SOUVENIR_SALE,15.0,6,Central Hub,2026-05-21T17:28:55.637373625
1695,SOUVENIR_SALE,15.0,8,Central Hub,2026-05-21T17:28:55.637379374
1696,SOUVENIR_SALE,15.0,10,Central Hub,2026-05-21T17:28:55.637386107
1697,SOUVENIR_SALE,15.0,11,Central Hub,2026-05-21T17:28:55.637392901
1698,SOUVENIR_SALE,15.0,15,Central Hub,2026-05-21T17:28:55.637401008
1699,SOUVENIR_SALE,15.0,16,Central Hub,2026-05-21T17:28:55.637406570
1700,SOUVENIR_SALE,15.0,17,Central Hub,2026-05-21T17:28:55.637413597
1701,SOUVENIR_SALE,15.0,19,Central Hub,2026-05-21T17:28:55.637422097
1702,SOUVENIR_SALE,15.0,24,Central Hub,2026-05-21T17:28:55.637429813
1703,SOUVENIR_SALE,15.0,25,Central Hub,2026-05-21T17:28:55.637435661
1704,SOUVENIR_SALE,15.0,26,Central Hub,2026-05-21T17:28:55.637441328
1705,SOUVENIR_SALE,15.0,28,Central Hub,2026-05-21T17:28:55.637448891
1706,SOUVENIR_SALE,15.0,29,Central Hub,2026-05-21T17:28:55.637482272
1707,SOUVENIR_SALE,15.0,30,Central Hub,2026-05-21T17:28:55.637488848
1708,SOUVENIR_SALE,15.0,31,Central Hub,2026-05-21T17:28:55.637493985
1709,SOUVENIR_SALE,15.0,37,Central Hub,2026-05-21T17:28:55.637500236
1710,SOUVENIR_SALE,15.0,41,Central Hub,2026-05-21T17:28:55.637506503
1711,SOUVENIR_SALE,15.0,44,Central Hub,2026-05-21T17:28:55.637514377
1712,SOUVENIR_SALE,15.0,45,Central Hub,2026-05-21T17:28:55.637519897
1713,SOUVENIR_SALE,15.0,50,Central Hub,2026-05-21T17:28:55.637527699
1714,SOUVENIR_SALE,15.0,1,Central Hub,2026-05-21T17:28:55.637549008
1715,SOUVENIR_SALE,15.0,5,Central Hub,2026-05-21T17:28:55.637556680
1716,SOUVENIR_SALE,15.0,9,Central Hub,2026-05-21T17:28:55.637563185
1717,SOUVENIR_SALE,15.0,11,Central Hub,2026-05-21T17:28:55.637587405
1718,SOUVENIR_SALE,15.0,16,Central Hub,2026-05-21T17:28:55.637599652
1719,SOUVENIR_SALE,15.0,19,Central Hub,2026-05-21T17:28:55.637608280
1720,SOUVENIR_SALE,15.0,23,Central Hub,2026-05-21T17:28:55.637614423
1721,SOUVENIR_SALE,15.0,27,Central Hub,2026-05-21T17:28:55.637621301
1722,SOUVENIR_SALE,15.0,29,Central Hub,2026-05-21T17:28:55.637628069
1723,SOUVENIR_SALE,15.0,30,Central Hub,2026-05-21T17:28:55.637634007
1724,SOUVENIR_SALE,15.0,32,Central Hub,2026-05-21T17:28:55.637639387
1725,SOUVENIR_SALE,15.0,35,Central Hub,2026-05-21T17:28:55.637646687
1726,SOUVENIR_SALE,15.0,37,Central Hub,2026-05-21T17:28:55.637651999
1727,SOUVENIR_SALE,15.0,38,Central Hub,2026-05-21T17:28:55.637656980
1728,SOUVENIR_SALE,15.0,40,Central Hub,2026-05-21T17:28:55.637662257
1729,SOUVENIR_SALE,15.0,42,Central Hub,2026-05-21T17:28:55.637667927
1730,SOUVENIR_SALE,15.0,44,Central Hub,2026-05-21T17:28:55.637673418
1731,SOUVENIR_SALE,15.0,45,Central Hub,2026-05-21T17:28:55.637679276
1732,SOUVENIR_SALE,15.0,47,Central Hub,2026-05-21T17:28:55.637687965
1733,SOUVENIR_SALE,15.0,1,Central Hub,2026-05-21T17:28:55.637701170
1734,SOUVENIR_SALE,15.0,2,Central Hub,2026-05-21T17:28:55.637708383
1735,SOUVENIR_SALE,15.0,5,Central Hub,2026-05-21T17:28:55.637714127
1736,SOUVENIR_SALE,15.0,6,Central Hub,2026-05-21T17:28:55.637719004
1737,SOUVENIR_SALE,15.0,12,Central Hub,2026-05-21T17:28:55.637725782
1738,SOUVENIR_SALE,15.0,13,Central Hub,2026-05-21T17:28:55.637731768
1739,SOUVENIR_SALE,15.0,14,Central Hub,2026-05-21T17:28:55.637737010
1740,SOUVENIR_SALE,15.0,15,Central Hub,2026-05-21T17:28:55.637742756
1741,SOUVENIR_SALE,15.0,17,Central Hub,2026-05-21T17:28:55.637748612
1742,SOUVENIR_SALE,15.0,18,Central Hub,2026-05-21T17:28:55.637755233
1743,SOUVENIR_SALE,15.0,19,Central Hub,2026-05-21T17:28:55.637762271
1744,SOUVENIR_SALE,15.0,22,Central Hub,2026-05-21T17:28:55.637767488
1745,SOUVENIR_SALE,15.0,24,Central Hub,2026-05-21T17:28:55.637774903
1746,SOUVENIR_SALE,15.0,32,Central Hub,2026-05-21T17:28:55.637781291
1747,SOUVENIR_SALE,15.0,38,Central Hub,2026-05-21T17:28:55.637788037
1748,SOUVENIR_SALE,15.0,43,Central Hub,2026-05-21T17:28:55.637794971
1749,SOUVENIR_SALE,15.0,45,Central Hub,2026-05-21T17:28:55.637801798
1750,SOUVENIR_SALE,15.0,46,Central Hub,2026-05-21T17:28:55.637807464
1751,SOUVENIR_SALE,15.0,1,Central Hub,2026-05-21T17:28:55.637817272
1752,SOUVENIR_SALE,15.0,2,Central Hub,2026-05-21T17:28:55.637825748
1753,SOUVENIR_SALE,15.0,3,Central Hub,2026-05-21T17:28:55.637833013
1754,SOUVENIR_SALE,15.0,7,Central Hub,2026-05-21T17:28:55.637839587
1755,SOUVENIR_SALE,15.0,10,Central Hub,2026-05-21T17:28:55.637847624
1756,SOUVENIR_SALE,15.0,11,Central Hub,2026-05-21T17:28:55.637854809
1757,SOUVENIR_SALE,15.0,12,Central Hub,2026-05-21T17:28:55.637861971
1758,SOUVENIR_SALE,15.0,13,Central Hub,2026-05-21T17:28:55.637868166
1759,SOUVENIR_SALE,15.0,14,Central Hub,2026-05-21T17:28:55.637877043
1760,SOUVENIR_SALE,15.0,17,Central Hub,2026-05-21T17:28:55.637882662
1761,SOUVENIR_SALE,15.0,19,Central Hub,2026-05-21T17:28:55.637888083
1762,SOUVENIR_SALE,15.0,23,Central Hub,2026-05-21T17:28:55.637893830
1763,SOUVENIR_SALE,15.0,24,Central Hub,2026-05-21T17:28:55.637898805
1764,SOUVENIR_SALE,15.0,25,Central Hub,2026-05-21T17:28:55.637904645
1765,SOUVENIR_SALE,15.0,27,Central Hub,2026-05-21T17:28:55.637911831
1766,SOUVENIR_SALE,15.0,28,Central Hub,2026-05-21T17:28:55.637917026
1767,SOUVENIR_SALE,15.0,29,Central Hub,2026-05-21T17:28:55.637922028
1768,SOUVENIR_SALE,15.0,34,Central Hub,2026-05-21T17:28:55.637928456
1769,SOUVENIR_SALE,15.0,36,Central Hub,2026-05-21T17:28:55.637934539
1770,SOUVENIR_SALE,15.0,37,Central Hub,2026-05-21T17:28:55.637942526
1771,SOUVENIR_SALE,15.0,40,Central Hub,2026-05-21T17:28:55.637949445
1772,SOUVENIR_SALE,15.0,41,Central Hub,2026-05-21T17:28:55.637957022
1773,SOUVENIR_SALE,15.0,44,Central Hub,2026-05-21T17:28:55.637963887
1774,SOUVENIR_SALE,15.0,46,Central Hub,2026-05-21T17:28:55.637970457
1775,SOUVENIR_SALE,15.0,48,Central Hub,2026-05-21T17:28:55.637977678
1776,SOUVENIR_SALE,15.0,50,Central Hub,2026-05-21T17:28:55.637983049
1777,SPA_SERVICE,20.0,1,Bathroom Zone,2026-05-21T17:28:55.637993109
1778,SOUVENIR_SALE,15.0,4,Central Hub,2026-05-21T17:28:55.638000420
1779,SOUVENIR_SALE,15.0,7,Central Hub,2026-05-21T17:28:55.638008047
1780,SOUVENIR_SALE,15.0,8,Central Hub,2026-05-21T17:28:55.638013667
1781,SPA_SERVICE,20.0,8,Bathroom Zone,2026-05-21T17:28:55.638019715
1782,SOUVENIR_SALE,15.0,14,Central Hub,2026-05-21T17:28:55.638027751
1783,SOUVENIR_SALE,15.0,18,Central Hub,2026-05-21T17:28:55.638036015
1784,SOUVENIR_SALE,15.0,21,Central Hub,2026-05-21T17:28:55.638042960
1785,SOUVENIR_SALE,15.0,27,Central Hub,2026-05-21T17:28:55.638050827
1786,SOUVENIR_SALE,15.0,30,Central Hub,2026-05-21T17:28:55.638056798
1787,SOUVENIR_SALE,15.0,32,Central Hub,2026-05-21T17:28:55.638062008
1788,SOUVENIR_SALE,15.0,35,Central Hub,2026-05-21T17:28:55.638069036
1789,SOUVENIR_SALE,15.0,37,Central Hub,2026-05-21T17:28:55.638075150
1790,SOUVENIR_SALE,15.0,38,Central Hub,2026-05-21T17:28:55.638080982
1791,SOUVENIR_SALE,15.0,40,Central Hub,2026-05-21T17:28:55.638089593
1792,SOUVENIR_SALE,15.0,41,Central Hub,2026-05-21T17:28:55.638095028
1793,SOUVENIR_SALE,15.0,42,Central Hub,2026-05-21T17:28:55.638100983
1794,SOUVENIR_SALE,15.0,44,Central Hub,2026-05-21T17:28:55.638107479
1795,SOUVENIR_SALE,15.0,47,Central Hub,2026-05-21T17:28:55.638115263
1796,SOUVENIR_SALE,15.0,49,Central Hub,2026-05-21T17:28:55.638122847
1797,SOUVENIR_SALE,15.0,50,Central Hub,2026-05-21T17:28:55.638129967
1798,SOUVENIR_SALE,15.0,1,Central Hub,2026-05-21T17:28:55.638138566
1799,SOUVENIR_SALE,15.0,3,Central Hub,2026-05-21T17:28:55.638145024
1800,SOUVENIR_SALE,15.0,4,Central Hub,2026-05-21T17:28:55.638150760
1801,SOUVENIR_SALE,15.0,10,Central Hub,2026-05-21T17:28:55.638156999
1802,SOUVENIR_SALE,15.0,14,Central Hub,2026-05-21T17:28:55.638164159
1803,SOUVENIR_SALE,15.0,17,Central Hub,2026-05-21T17:28:55.638172349
1804,SOUVENIR_SALE,15.0,19,Central Hub,2026-05-21T17:28:55.638179204
1805,SOUVENIR_SALE,15.0,29,Central Hub,2026-05-21T17:28:55.638190329
1806,SOUVENIR_SALE,15.0,30,Central Hub,2026-05-21T17:28:55.638195662
1807,SOUVENIR_SALE,15.0,34,Central Hub,2026-05-21T17:28:55.638317873
1808,SOUVENIR_SALE,15.0,36,Central Hub,2026-05-21T17:28:55.638343149
1809,SOUVENIR_SALE,15.0,38,Central Hub,2026-05-21T17:28:55.638350391
1810,SOUVENIR_SALE,15.0,42,Central Hub,2026-05-21T17:28:55.638356676
1811,SOUVENIR_SALE,15.0,43,Central Hub,2026-05-21T17:28:55.638362330
1812,SOUVENIR_SALE,15.0,45,Central Hub,2026-05-21T17:28:55.638371287
1813,SOUVENIR_SALE,15.0,47,Central Hub,2026-05-21T17:28:55.638378539
1814,SOUVENIR_SALE,15.0,49,Central Hub,2026-05-21T17:28:55.638386520
1815,SOUVENIR_SALE,15.0,4,Central Hub,2026-05-21T17:28:55.638464872
1816,SOUVENIR_SALE,15.0,5,Central Hub,2026-05-21T17:28:55.638483544
1817,SOUVENIR_SALE,15.0,6,Central Hub,2026-05-21T17:28:55.638490230
1818,SOUVENIR_SALE,15.0,7,Central Hub,2026-05-21T17:28:55.638496446
1819,SOUVENIR_SALE,15.0,8,Central Hub,2026-05-21T17:28:55.638502289
1820,SOUVENIR_SALE,15.0,10,Central Hub,2026-05-21T17:28:55.638507889
1821,SOUVENIR_SALE,15.0,11,Central Hub,2026-05-21T17:28:55.638514462
1822,SOUVENIR_SALE,15.0,15,Central Hub,2026-05-21T17:28:55.638520829
1823,SOUVENIR_SALE,15.0,16,Central Hub,2026-05-21T17:28:55.638529431
1824,SOUVENIR_SALE,15.0,18,Central Hub,2026-05-21T17:28:55.638535640
1825,SOUVENIR_SALE,15.0,19,Central Hub,2026-05-21T17:28:55.638541160
1826,SOUVENIR_SALE,15.0,22,Central Hub,2026-05-21T17:28:55.638546692
1827,SOUVENIR_SALE,15.0,23,Central Hub,2026-05-21T17:28:55.638552450
1828,SOUVENIR_SALE,15.0,24,Central Hub,2026-05-21T17:28:55.638559008
1829,SOUVENIR_SALE,15.0,25,Central Hub,2026-05-21T17:28:55.638567314
1830,SOUVENIR_SALE,15.0,27,Central Hub,2026-05-21T17:28:55.638573678
1831,SOUVENIR_SALE,15.0,31,Central Hub,2026-05-21T17:28:55.638580316
1832,SOUVENIR_SALE,15.0,33,Central Hub,2026-05-21T17:28:55.638588677
1833,SOUVENIR_SALE,15.0,34,Central Hub,2026-05-21T17:28:55.638593811
1834,SOUVENIR_SALE,15.0,38,Central Hub,2026-05-21T17:28:55.638599385
1835,SOUVENIR_SALE,15.0,39,Central Hub,2026-05-21T17:28:55.638604189
1836,SOUVENIR_SALE,15.0,42,Central Hub,2026-05-21T17:28:55.638609606
1837,SOUVENIR_SALE,15.0,43,Central Hub,2026-05-21T17:28:55.638614512
1838,SOUVENIR_SALE,15.0,44,Central Hub,2026-05-21T17:28:55.638621300
1839,SOUVENIR_SALE,15.0,48,Central Hub,2026-05-21T17:28:55.638631411
1840,SOUVENIR_SALE,15.0,50,Central Hub,2026-05-21T17:28:55.638637199
1841,SPA_SERVICE,20.0,3,Bathroom Zone,2026-05-21T17:28:55.638650941
1842,SOUVENIR_SALE,15.0,4,Central Hub,2026-05-21T17:28:55.638659502
1843,SPA_SERVICE,20.0,4,Bathroom Zone,2026-05-21T17:28:55.638665252
1844,SOUVENIR_SALE,15.0,5,Central Hub,2026-05-21T17:28:55.638673584
1845,SPA_SERVICE,20.0,7,Bathroom Zone,2026-05-21T17:28:55.638679509
1846,SOUVENIR_SALE,15.0,8,Central Hub,2026-05-21T17:28:55.638684500
1847,SOUVENIR_SALE,15.0,10,Central Hub,2026-05-21T17:28:55.638690268
1848,SOUVENIR_SALE,15.0,15,Central Hub,2026-05-21T17:28:55.638697452
1849,SOUVENIR_SALE,15.0,16,Central Hub,2026-05-21T17:28:55.638702563
1850,SOUVENIR_SALE,15.0,22,Central Hub,2026-05-21T17:28:55.638714615
1851,SOUVENIR_SALE,15.0,25,Central Hub,2026-05-21T17:28:55.638720921
1852,SOUVENIR_SALE,15.0,31,Central Hub,2026-05-21T17:28:55.638728102
1853,SOUVENIR_SALE,15.0,32,Central Hub,2026-05-21T17:28:55.638734182
1854,SOUVENIR_SALE,15.0,33,Central Hub,2026-05-21T17:28:55.638741910
1855,SOUVENIR_SALE,15.0,34,Central Hub,2026-05-21T17:28:55.638747323
1856,SOUVENIR_SALE,15.0,35,Central Hub,2026-05-21T17:28:55.638753413
1857,SOUVENIR_SALE,15.0,39,Central Hub,2026-05-21T17:28:55.638761589
1858,SOUVENIR_SALE,15.0,41,Central Hub,2026-05-21T17:28:55.638767945
1859,SOUVENIR_SALE,15.0,42,Central Hub,2026-05-21T17:28:55.638776055
1860,SOUVENIR_SALE,15.0,43,Central Hub,2026-05-21T17:28:55.638781169
1861,SOUVENIR_SALE,15.0,44,Central Hub,2026-05-21T17:28:55.638786330
1862,SOUVENIR_SALE,15.0,47,Central Hub,2026-05-21T17:28:55.638792017
1863,SOUVENIR_SALE,15.0,1,Central Hub,2026-05-21T17:28:55.638803381
1864,SOUVENIR_SALE,15.0,2,Central Hub,2026-05-21T17:28:55.638813257
1865,SOUVENIR_SALE,15.0,4,Central Hub,2026-05-21T17:28:55.638818926
1866,SOUVENIR_SALE,15.0,6,Central Hub,2026-05-21T17:28:55.638825258
1867,SOUVENIR_SALE,15.0,10,Central Hub,2026-05-21T17:28:55.638832172
1868,SOUVENIR_SALE,15.0,12,Central Hub,2026-05-21T17:28:55.638839637
1869,SOUVENIR_SALE,15.0,13,Central Hub,2026-05-21T17:28:55.638845911
1870,SOUVENIR_SALE,15.0,17,Central Hub,2026-05-21T17:28:55.638852525
1871,SOUVENIR_SALE,15.0,24,Central Hub,2026-05-21T17:28:55.638861625
1872,SOUVENIR_SALE,15.0,25,Central Hub,2026-05-21T17:28:55.638868912
1873,SOUVENIR_SALE,15.0,27,Central Hub,2026-05-21T17:28:55.638875401
1874,SOUVENIR_SALE,15.0,29,Central Hub,2026-05-21T17:28:55.638881919
1875,SOUVENIR_SALE,15.0,30,Central Hub,2026-05-21T17:28:55.638889680
1876,SOUVENIR_SALE,15.0,32,Central Hub,2026-05-21T17:28:55.638895907
1877,SOUVENIR_SALE,15.0,33,Central Hub,2026-05-21T17:28:55.638901824
1878,SOUVENIR_SALE,15.0,40,Central Hub,2026-05-21T17:28:55.638910505
1879,SOUVENIR_SALE,15.0,41,Central Hub,2026-05-21T17:28:55.638918862
1880,SOUVENIR_SALE,15.0,43,Central Hub,2026-05-21T17:28:55.638924517
1881,SOUVENIR_SALE,15.0,46,Central Hub,2026-05-21T17:28:55.638930225
1882,SOUVENIR_SALE,15.0,47,Central Hub,2026-05-21T17:28:55.638935326
1883,SOUVENIR_SALE,15.0,49,Central Hub,2026-05-21T17:28:55.638941269
1884,SOUVENIR_SALE,15.0,50,Central Hub,2026-05-21T17:28:55.638948503
1885,SOUVENIR_SALE,15.0,5,Central Hub,2026-05-21T17:28:55.638958179
1886,SOUVENIR_SALE,15.0,6,Central Hub,2026-05-21T17:28:55.638963997
1887,SOUVENIR_SALE,15.0,7,Central Hub,2026-05-21T17:28:55.638970463
1888,SOUVENIR_SALE,15.0,11,Central Hub,2026-05-21T17:28:55.638978383
1889,SOUVENIR_SALE,15.0,12,Central Hub,2026-05-21T17:28:55.638986561
1890,SOUVENIR_SALE,15.0,13,Central Hub,2026-05-21T17:28:55.638992563
1891,SOUVENIR_SALE,15.0,16,Central Hub,2026-05-21T17:28:55.638999657
1892,SOUVENIR_SALE,15.0,18,Central Hub,2026-05-21T17:28:55.639006896
1893,SOUVENIR_SALE,15.0,21,Central Hub,2026-05-21T17:28:55.639013677
1894,SOUVENIR_SALE,15.0,27,Central Hub,2026-05-21T17:28:55.639020295
1895,SOUVENIR_SALE,15.0,29,Central Hub,2026-05-21T17:28:55.639027487
1896,SOUVENIR_SALE,15.0,33,Central Hub,2026-05-21T17:28:55.639034377
1897,SOUVENIR_SALE,15.0,34,Central Hub,2026-05-21T17:28:55.639041987
1898,SOUVENIR_SALE,15.0,36,Central Hub,2026-05-21T17:28:55.639048741
1899,SOUVENIR_SALE,15.0,42,Central Hub,2026-05-21T17:28:55.639055818
1900,SOUVENIR_SALE,15.0,44,Central Hub,2026-05-21T17:28:55.639063544
1901,SOUVENIR_SALE,15.0,46,Central Hub,2026-05-21T17:28:55.639069006
1902,SOUVENIR_SALE,15.0,48,Central Hub,2026-05-21T17:28:55.639074198
1903,SOUVENIR_SALE,15.0,49,Central Hub,2026-05-21T17:28:55.639079498
1904,SPA_SERVICE,20.0,1,Bathroom Zone,2026-05-21T17:28:55.639089394
1905,SOUVENIR_SALE,15.0,2,Central Hub,2026-05-21T17:28:55.639095880
1906,SPA_SERVICE,20.0,3,Bathroom Zone,2026-05-21T17:28:55.639101570
1907,SOUVENIR_SALE,15.0,5,Central Hub,2026-05-21T17:28:55.639109040
1908,SOUVENIR_SALE,15.0,6,Central Hub,2026-05-21T17:28:55.639116985
1909,SOUVENIR_SALE,15.0,7,Central Hub,2026-05-21T17:28:55.639123306
1910,SOUVENIR_SALE,15.0,10,Central Hub,2026-05-21T17:28:55.639132717
1911,SOUVENIR_SALE,15.0,12,Central Hub,2026-05-21T17:28:55.639138955
1912,SOUVENIR_SALE,15.0,13,Central Hub,2026-05-21T17:28:55.639145623
1913,SOUVENIR_SALE,15.0,14,Central Hub,2026-05-21T17:28:55.639153270
1914,SOUVENIR_SALE,15.0,15,Central Hub,2026-05-21T17:28:55.639158845
1915,SOUVENIR_SALE,15.0,17,Central Hub,2026-05-21T17:28:55.639164227
1916,SOUVENIR_SALE,15.0,21,Central Hub,2026-05-21T17:28:55.639169972
1917,SOUVENIR_SALE,15.0,26,Central Hub,2026-05-21T17:28:55.639175903
1918,SOUVENIR_SALE,15.0,31,Central Hub,2026-05-21T17:28:55.639183102
1919,SOUVENIR_SALE,15.0,36,Central Hub,2026-05-21T17:28:55.639189647
1920,SOUVENIR_SALE,15.0,39,Central Hub,2026-05-21T17:28:55.639195236
1921,SOUVENIR_SALE,15.0,41,Central Hub,2026-05-21T17:28:55.639201093
1922,SOUVENIR_SALE,15.0,42,Central Hub,2026-05-21T17:28:55.639206826
1923,SOUVENIR_SALE,15.0,43,Central Hub,2026-05-21T17:28:55.639215264
1924,SOUVENIR_SALE,15.0,44,Central Hub,2026-05-21T17:28:55.639224001
1925,SOUVENIR_SALE,15.0,45,Central Hub,2026-05-21T17:28:55.639231478
1926,SOUVENIR_SALE,15.0,46,Central Hub,2026-05-21T17:28:55.639237800
1927,SOUVENIR_SALE,15.0,48,Central Hub,2026-05-21T17:28:55.639243250
1928,SOUVENIR_SALE,15.0,49,Central Hub,2026-05-21T17:28:55.639250397
1929,SOUVENIR_SALE,15.0,50,Central Hub,2026-05-21T17:28:55.639255751
1930,SOUVENIR_SALE,15.0,2,Central Hub,2026-05-21T17:28:55.639265627
1931,SOUVENIR_SALE,15.0,3,Central Hub,2026-05-21T17:28:55.639272327
1932,SOUVENIR_SALE,15.0,4,Central Hub,2026-05-21T17:28:55.639277738
1933,SOUVENIR_SALE,15.0,6,Central Hub,2026-05-21T17:28:55.639283527
1934,SOUVENIR_SALE,15.0,8,Central Hub,2026-05-21T17:28:55.639289795
1935,SOUVENIR_SALE,15.0,10,Central Hub,2026-05-21T17:28:55.639297323
1936,SOUVENIR_SALE,15.0,12,Central Hub,2026-05-21T17:28:55.639303023
1937,SOUVENIR_SALE,15.0,13,Central Hub,2026-05-21T17:28:55.639310118
1938,SOUVENIR_SALE,15.0,15,Central Hub,2026-05-21T17:28:55.639318097
1939,SOUVENIR_SALE,15.0,16,Central Hub,2026-05-21T17:28:55.639324257
1940,SOUVENIR_SALE,15.0,17,Central Hub,2026-05-21T17:28:55.639329995
1941,SOUVENIR_SALE,15.0,21,Central Hub,2026-05-21T17:28:55.639339030
1942,SOUVENIR_SALE,15.0,22,Central Hub,2026-05-21T17:28:55.639344079
1943,SOUVENIR_SALE,15.0,24,Central Hub,2026-05-21T17:28:55.639349733
1944,SOUVENIR_SALE,15.0,25,Central Hub,2026-05-21T17:28:55.639354948
1945,SOUVENIR_SALE,15.0,26,Central Hub,2026-05-21T17:28:55.639360248
1946,SOUVENIR_SALE,15.0,27,Central Hub,2026-05-21T17:28:55.639365478
1947,SOUVENIR_SALE,15.0,28,Central Hub,2026-05-21T17:28:55.639372660
1948,SOUVENIR_SALE,15.0,30,Central Hub,2026-05-21T17:28:55.639378927
1949,SOUVENIR_SALE,15.0,32,Central Hub,2026-05-21T17:28:55.639384713
1950,SOUVENIR_SALE,15.0,35,Central Hub,2026-05-21T17:28:55.639391224
1951,SOUVENIR_SALE,15.0,41,Central Hub,2026-05-21T17:28:55.639397856
1952,SOUVENIR_SALE,15.0,42,Central Hub,2026-05-21T17:28:55.639405297
1953,SOUVENIR_SALE,15.0,43,Central Hub,2026-05-21T17:28:55.639411481
1954,SOUVENIR_SALE,15.0,44,Central Hub,2026-05-21T17:28:55.639416826
1955,SOUVENIR_SALE,15.0,45,Central Hub,2026-05-21T17:28:55.639423289
1956,SOUVENIR_SALE,15.0,1,Central Hub,2026-05-21T17:28:55.639436975
1957,SOUVENIR_SALE,15.0,5,Central Hub,2026-05-21T17:28:55.639442849
1958,SOUVENIR_SALE,15.0,9,Central Hub,2026-05-21T17:28:55.639452058
1959,SOUVENIR_SALE,15.0,10,Central Hub,2026-05-21T17:28:55.639457619
1960,SOUVENIR_SALE,15.0,11,Central Hub,2026-05-21T17:28:55.639463034
1961,SOUVENIR_SALE,15.0,12,Central Hub,2026-05-21T17:28:55.639469896
1962,SOUVENIR_SALE,15.0,14,Central Hub,2026-05-21T17:28:55.639475130
1963,SOUVENIR_SALE,15.0,21,Central Hub,2026-05-21T17:28:55.639481373
1964,SOUVENIR_SALE,15.0,22,Central Hub,2026-05-21T17:28:55.639487119
1965,SOUVENIR_SALE,15.0,24,Central Hub,2026-05-21T17:28:55.639495373
1966,SOUVENIR_SALE,15.0,26,Central Hub,2026-05-21T17:28:55.639501934
1967,SOUVENIR_SALE,15.0,27,Central Hub,2026-05-21T17:28:55.639508181
1968,SOUVENIR_SALE,15.0,31,Central Hub,2026-05-21T17:28:55.639515981
1969,SOUVENIR_SALE,15.0,35,Central Hub,2026-05-21T17:28:55.639522338
1970,SOUVENIR_SALE,15.0,37,Central Hub,2026-05-21T17:28:55.639528586
1971,SOUVENIR_SALE,15.0,46,Central Hub,2026-05-21T17:28:55.639536768
1972,SOUVENIR_SALE,15.0,48,Central Hub,2026-05-21T17:28:55.639544423
1973,SOUVENIR_SALE,15.0,49,Central Hub,2026-05-21T17:28:55.639549694
1974,SOUVENIR_SALE,15.0,50,Central Hub,2026-05-21T17:28:55.639554897
